Workbook

Sheet 0501
A1: 内容 | B1: 内容类型 | C1: 内容发布时间 | D1: 本期阅读量 | E1: 本期收益 | F1: 累计阅读量 | G1: 累计收益 | J1: 新增浏览 | K1: 新增收益
A2: 请问在不破坏树的情况下怎么把树皮腐蚀下来一点，不让大树压到房子? | B2: 回答 | C2: 45777 | D2: 92 | E2: 226 | F2: 92 | G2: 226 | H2: =E2/D2 -> 2.4565217 | I2: =G2/F2 -> 2.4565217 | J2: 92 | K2: 226 | L2: =IFERROR(K2/J2,) -> 2.4565217
A3: 香椿的功效与作用是什么呢？ | B3: 回答 | C3: 45777 | D3: 61 | E3: 165 | F3: 61 | G3: 165 | H3: =E3/D3 -> 2.704918 | I3: =G3/F3 -> 2.704918 | J3: 61 | K3: 165 | L3: =IFERROR(K3/J3,) -> 2.704918
A4: 人一天到底要吃多少，才不会太多也不会太少？ | B4: 回答 | C4: 45776 | D4: 350 | E4: 368 | F4: 350 | G4: 368 | H4: =E4/D4 -> 1.0514286 | I4: =G4/F4 -> 1.0514286 | J4: 232 | K4: 155 | L4: =IFERROR(K4/J4,) -> 0.66810345
A5: 同样的时间，为什么早上煮的菜晚上可以吃，但晚上煮的菜第二天早上就叫隔夜菜，吃了就不利于健康呢？ | B5: 回答 | C5: 45775 | D5: 200 | E5: 277 | F5: 200 | G5: 277 | H5: =E5/D5 -> 1.385 | I5: =G5/F5 -> 1.385 | J5: 56 | K5: 60 | L5: =IFERROR(K5/J5,) -> 1.0714286
A6: 能否告诉我这花团锦簇的是什么树？ | B6: 回答 | C6: 45775 | D6: 133 | E6: 304 | F6: 133 | G6: 304 | H6: =E6/D6 -> 2.2857143 | I6: =G6/F6 -> 2.2857143 | J6: 14 | K6: 28 | L6: =IFERROR(K6/J6,) -> 2
A7: 医生说少油少盐，不可抗拒的原因一直在吃食堂，是不是少吃点多喝汤就达到上述要求？ | B7: 回答 | C7: 45774 | D7: 136 | E7: 216 | F7: 136 | G7: 216 | H7: =E7/D7 -> 1.5882353 | I7: =G7/F7 -> 1.5882353 | J7: 7 | K7: 8 | L7: =IFERROR(K7/J7,) -> 1.1428571
A8: 有人说一周吃四个鸡蛋就够了，有人说每天一个鸡蛋最好，到底哪种说法更合适？ | B8: 回答 | C8: 45774 | D8: 372 | E8: 363 | F8: 372 | G8: 363 | H8: =E8/D8 -> 0.97580645 | I8: =G8/F8 -> 0.97580645 | J8: 22 | K8: 64 | L8: =IFERROR(K8/J8,) -> 2.9090909
A9: 这是什么品种的花卉？ | B9: 回答 | C9: 45773 | D9: 134 | E9: 190 | F9: 134 | G9: 190 | H9: =E9/D9 -> 1.4179104 | I9: =G9/F9 -> 1.4179104 | J9: 22 | K9: 8 | L9: =IFERROR(K9/J9,) -> 0.36363636
A10: 酸菜炖大骨头好吃的做法有哪些？ | B10: 回答 | C10: 45773 | D10: 215 | E10: 241 | F10: 215 | G10: 241 | H10: =E10/D10 -> 1.1209302 | I10: =G10/F10 -> 1.1209302 | J10: 5 | K10: 6 | L10: =IFERROR(K10/J10,) -> 1.2
A11: 两杯水中，一杯其中加盐鸡蛋会怎么样？ | B11: 回答 | C11: 45772 | D11: 124 | E11: 462 | F11: 124 | G11: 462 | H11: =E11/D11 -> 3.7258065 | I11: =G11/F11 -> 3.7258065 | J11: 26 | K11: 122 | L11: =IFERROR(K11/J11,) -> 4.6923077 | M11: 0430顶99,23,26,2,1
A12: 煎鱼总粘锅破皮是物理问题还是技术问题？家庭厨房如何彻底解决？ | B12: 回答 | C12: 45771 | D12: 184 | E12: 177 | F12: 184 | G12: 177 | H12: =E12/D12 -> 0.96195652 | I12: =G12/F12 -> 0.96195652 | J12: 7 | K12: 6 | L12: =IFERROR(K12/J12,) -> 0.85714286
A13: 蝴蝶兰花茎为啥这么粗壮？ | B13: 回答 | C13: 45771 | D13: 156 | E13: 121 | F13: 156 | G13: 121 | H13: =E13/D13 -> 0.77564103 | I13: =G13/F13 -> 0.77564103 | J13: 19 | K13: 0 | L13: =IFERROR(K13/J13,) -> 0
A14: 血压高适合吃哪些食物？ | B14: 回答 | C14: 45770 | D14: 147 | E14: 493 | F14: 210 | G14: 685 | H14: =E14/D14 -> 3.3537415 | I14: =G14/F14 -> 3.2619048 | J14: 14 | K14: 4 | L14: =IFERROR(K14/J14,) -> 0.28571429 | M14: 0426顶98,26,40,3,1
A15: 小时候都是吃猪油，为什么不知道从什么时候就没出现在餐桌上了? | B15: 回答 | C15: 45770 | D15: 628 | E15: 161 | F15: 794 | G15: 397 | H15: =E15/D15 -> 0.25636943 | I15: =G15/F15 -> 0.5 | J15: 5 | K15: 0 | L15: =IFERROR(K15/J15,) -> 0
A16: 这个长在植物上白色东西是甚么？会不会影响植物生长？ | B16: 回答 | C16: 45769 | D16: 44 | E16: 77 | F16: 141 | G16: 418 | H16: =E16/D16 -> 1.75 | I16: =G16/F16 -> 2.964539 | J16: 0 | K16: 0 | L16: =IFERROR(K16/J16,) -> 0
A17: 你能不能找到一个比较简单的数学问题，但是deepseek却得不到正确结果？ | B17: 回答 | C17: 45769 | D17: 217 | E17: 14 | F17: 546 | G17: 334 | H17: =E17/D17 -> 0.064516129 | I17: =G17/F17 -> 0.61172161 | J17: 16 | K17: 0 | L17: =IFERROR(K17/J17,) -> 0
A18: 同样的电饭煲煮饭，用不同的大米煮，加的水是一样的吗？ | B18: 回答 | C18: 45768 | D18: 32 | E18: 12 | F18: 215 | G18: 603 | H18: =E18/D18 -> 0.375 | I18: =G18/F18 -> 2.8046512 | J18: 0 | K18: 0 | L18: =IFERROR(K18/J18,) -> 0
A19: 怎么分辨桃花樱桃李子树花梨花呢？ | B19: 回答 | C19: 45768 | D19: 47 | E19: 114 | F19: 142 | G19: 469 | H19: =E19/D19 -> 2.4255319 | I19: =G19/F19 -> 3.3028169 | J19: 0 | K19: 0 | L19: =IFERROR(K19/J19,) -> 0 | M19: 0424顶96,23,30,2,4
A20: 有认识这是什么植物长出来的苗吗？ | B20: 回答 | C20: 45767 | D20: 321 | E20: 43 | F20: 1107 | G20: 290 | H20: =E20/D20 -> 0.13395639 | I20: =G20/F20 -> 0.26196929 | J20: 24 | K20: 0 | L20: =IFERROR(K20/J20,) -> 0
A21: 问一个数学问题，可能有99%的人都答错：6个鸡蛋，打碎了两个，煮了两个，吃了两个，还剩几个？ | B21: 回答 | C21: 45766 | D21: 192 | E21: 50 | F21: 849 | G21: 583 | H21: =E21/D21 -> 0.26041667 | I21: =G21/F21 -> 0.68669022 | J21: 12 | K21: 0 | L21: =IFERROR(K21/J21,) -> 0
A22: 排骨放高压锅炖要几分钟? | B22: 回答 | C22: 45766 | D22: 33 | E22: 12 | F22: 225 | G22: 285 | H22: =E22/D22 -> 0.36363636 | I22: =G22/F22 -> 1.2666667 | J22: 2 | K22: 0 | L22: =IFERROR(K22/J22,) -> 0
A23: 为啥大中火煸油 没等油煸出来就糊了? | B23: 回答 | C23: 45765 | D23: 31 | E23: 31 | F23: 401 | G23: 452 | H23: =E23/D23 -> 1 | I23: =G23/F23 -> 1.127182 | J23: 0 | K23: 0 | L23: =IFERROR(K23/J23,) -> 0
A24: 鸡头跟鸡屁股都去哪儿了？？？ | B24: 回答 | C24: 45765 | D24: 12 | E24: 32 | F24: 137 | G24: 816 | H24: =E24/D24 -> 2.6666667 | I24: =G24/F24 -> 5.9562044 | J24: 0 | K24: 0 | L24: =IFERROR(K24/J24,) -> 0 | M24: 0420顶42，13，43，3
A25: 一盘饺子姐姐吃剩7个妹妹吃剩9个两人都吃差4个饺子有几个? | B25: 回答 | C25: 45764 | D25: 12 | E25: 7 | F25: 161 | G25: 541 | H25: =E25/D25 -> 0.58333333 | I25: =G25/F25 -> 3.3602484 | J25: 1 | K25: 0 | L25: =IFERROR(K25/J25,) -> 0
A26: 大树被锯掉树冠还能发芽吗？ | B26: 回答 | C26: 45764 | D26: 74 | E26: 7 | F26: 342 | G26: 261 | H26: =E26/D26 -> 0.094594595 | I26: =G26/F26 -> 0.76315789 | J26: 7 | K26: 0 | L26: =IFERROR(K26/J26,) -> 0
A27: 请问怎么能彻底杀死一棵香椿树？ | B27: 回答 | C27: 45763 | D27: 72 | E27: 4 | F27: 648 | G27: 370 | H27: =E27/D27 -> 0.055555556 | I27: =G27/F27 -> 0.57098765 | J27: 0 | K27: 0 | L27: =IFERROR(K27/J27,) -> 0
A28: 少先队员种杨树和柳树共140棵，杨树比柳树多40棵，那么杨树种了多少棵，柳树种了多少棵。? | B28: 回答 | C28: 45763 | D28: 4 | E28: 4 | F28: 130 | G28: 198 | H28: =E28/D28 -> 1 | I28: =G28/F28 -> 1.5230769 | J28: 4 | K28: 4 | L28: =IFERROR(K28/J28,) -> 1 | M28: 0427收益期128，194
A29: 请问在食堂打饭时一两米饭指的是熟重一两还是生重一两? | B29: 回答 | C29: 45762 | D29: 13 | E29: 6 | F29: 595 | G29: 641 | H29: =E29/D29 -> 0.46153846 | I29: =G29/F29 -> 1.0773109 | J29: 13 | K29: 6 | L29: =IFERROR(K29/J29,) -> 0.46153846 | M29: 0428收益期593,635
A30: 做蒸饺时应该怎么和面呢？ | B30: 回答 | C30: 45761 | D30: 37 | E30: 6 | F30: 1054 | G30: 913 | H30: =E30/D30 -> 0.16216216 | I30: =G30/F30 -> 0.86622391 | J30: 37 | K30: 6 | L30: =IFERROR(K30/J30,) -> 0.16216216 | M30: 0426收益期1029,907
A31: 为什么我做的红烧肉总是不够软烂入味，有什么小窍门能让红烧肉达到入口即化的口感呢？ | B31: 回答 | C31: 45757 | D31: 17 | E31: 6 | F31: 624 | G31: 763 | H31: =E31/D31 -> 0.35294118 | I31: =G31/F31 -> 1.2227564 | J31: 0 | K31: 0 | L31: =IFERROR(K31/J31,) -> 0 | M31: 0425收益期613,757
A32: 你们采摘过野外的桑葚么？或者采摘过什么野果野菜？口感怎么样？ | B32: 回答 | C32: 45750 | D32: 9 | E32: 12 | F32: 225 | G32: 542 | H32: =E32/D32 -> 1.3333333 | I32: =G32/F32 -> 2.4088889 | J32: 9 | K32: 12 | L32: =IFERROR(K32/J32,) -> 1.3333333 | M32: 0426收益期222,530
A33: 钟南山呼吁别再「无效节约」，别让剩饭剩菜伤了胃，剩菜剩饭有哪些危害？生活中还有哪些饮食健康易被忽视？ | B33: 回答 | C33: 45748 | D33: 57 | E33: 23 | F33: 224460 | G33: 10593 | H33: =E33/D33 -> 0.40350877 | I33: =G33/F33 -> 0.047193264 | J33: 1 | K33: 0 | L33: =IFERROR(K33/J33,) -> 0 | M33: 0407荐22.3万，784,296,399,48
A34: 谁能提供一个猪肉好吃又简单的做法？ | B34: 回答 | C34: 45743 | D34: 170 | E34: 10 | F34: 4876 | G34: 1986 | H34: =E34/D34 -> 0.058823529 | I34: =G34/F34 -> 0.40730107 | J34: 170 | K34: 10 | L34: =IFERROR(K34/J34,) -> 0.058823529 | M34: 0425收益期4799,1976
A35: 牛肉水煮40分钟后，轻微炒2分钟，吃起来还是很硬很柴，问题出在哪里呢？ | B35: 回答 | C35: 45741 | D35: 127 | E35: 10 | F35: 1193 | G35: 677 | H35: =E35/D35 -> 0.078740157 | I35: =G35/F35 -> 0.56747695 | J35: 13 | K35: 0 | L35: =IFERROR(K35/J35,) -> 0 | M35: 0413收益期928，667
A36: 草莓究竟是哪个季节的果实? | B36: 回答 | C36: 45734 | D36: 41 | E36: 5 | F36: 488 | G36: 670 | H36: =E36/D36 -> 0.12195122 | I36: =G36/F36 -> 1.3729508 | J36: 4 | K36: 0 | L36: =IFERROR(K36/J36,) -> 0 | M36: 0401收益期317,655
A37: 油炸食物很香，哪些蔬菜适合油炸且非常好吃？ | B37: 回答 | C37: 45719 | D37: 8 | E37: 10 | F37: 377 | G37: 657 | H37: =E37/D37 -> 1.25 | I37: =G37/F37 -> 1.7427056 | J37: 8 | K37: 10 | L37: =IFERROR(K37/J37,) -> 1.25 | M37: 0403收益期359,647
A38: 早餐吃什么最好？是牛奶还是面包？ | B38: 回答 | C38: 45713 | D38: 10 | E38: 31 | F38: 225 | G38: 589 | H38: =E38/D38 -> 3.1 | I38: =G38/F38 -> 2.6177778 | J38: 10 | K38: 31 | L38: =IFERROR(K38/J38,) -> 3.1 | M38: 0402收益期203,558
A39: 酥脆剂和泡打粉的区别有哪些？ | B39: 回答 | C39: 45691 | D39: 41 | E39: 5 | F39: 317 | G39: 36 | H39: =E39/D39 -> 0.12195122 | I39: =G39/F39 -> 0.11356467 | J39: 7 | K39: 0 | L39: =IFERROR(K39/J39,) -> 0 | M39: 0216收益期91,31
A40: 鸡蛋放两个月没坏还能吃吗？ | B40: 回答 | C40: 45598 | D40: 65 | E40: 2 | F40: 1262 | G40: 789 | H40: =E40/D40 -> 0.030769231 | I40: =G40/F40 -> 0.6251981 | J40: 8 | K40: 0 | L40: =IFERROR(K40/J40,) -> 0 | M40: 0412收益期1091,787
K41: =SUM(K2:K40) -> 931

Sheet 0502
A1: 内容 | B1: 内容类型 | C1: 内容发布时间 | D1: 本期阅读量 | E1: 本期收益 | F1: 累计阅读量 | G1: 累计收益 | J1: 新增浏览 | K1: 新增收益
A2: 前几天养了四只小鸡，一只死了。还剩三只鸡，其中的一只鸡又被其它两只小鸡把屁眼那块啄的血琳琳，啥原因？ | B2: 回答 | C2: 45778 | D2: 282 | E2: 126 | F2: 282 | G2: 126 | H2: =E2/D2 -> 0.44680851 | I2: =G2/F2 -> 0.44680851 | J2: =F2-IFERROR(VLOOKUP($A2,'0501'!$A$1:'0501'!G$48,6,FALSE),IFERROR(VLOOKUP($C2,'0501'!$C$1:'0501'!G$48,4,FALSE),F2-D2)) -> 282 | K2: =G2-IFERROR(VLOOKUP($A2,'0501'!$A$1:'0501'!H$44,7,FALSE),IFERROR(VLOOKUP($C2,'0501'!$C$1:'0501'!H$44,5,FALSE),G2-E2)) -> 126 | L2: =IFERROR(K2/J2,) -> 0.44680851
A3: 请问在不破坏树的情况下怎么把树皮腐蚀下来一点，不让大树压到房子? | B3: 回答 | C3: 45777 | D3: 143 | E3: 276 | F3: 143 | G3: 276 | H3: =E3/D3 -> 1.9300699 | I3: =G3/F3 -> 1.9300699 | J3: =F3-IFERROR(VLOOKUP($A3,'0501'!$A$1:'0501'!G$48,6,FALSE),IFERROR(VLOOKUP($C3,'0501'!$C$1:'0501'!G$48,4,FALSE),F3-D3)) -> 51 | K3: =G3-IFERROR(VLOOKUP($A3,'0501'!$A$1:'0501'!H$44,7,FALSE),IFERROR(VLOOKUP($C3,'0501'!$C$1:'0501'!H$44,5,FALSE),G3-E3)) -> 50 | L3: =IFERROR(K3/J3,) -> 0.98039216
A4: 香椿的功效与作用是什么呢？ | B4: 回答 | C4: 45777 | D4: 78 | E4: 210 | F4: 78 | G4: 210 | H4: =E4/D4 -> 2.6923077 | I4: =G4/F4 -> 2.6923077 | J4: =F4-IFERROR(VLOOKUP($A4,'0501'!$A$1:'0501'!G$48,6,FALSE),IFERROR(VLOOKUP($C4,'0501'!$C$1:'0501'!G$48,4,FALSE),F4-D4)) -> 17 | K4: =G4-IFERROR(VLOOKUP($A4,'0501'!$A$1:'0501'!H$44,7,FALSE),IFERROR(VLOOKUP($C4,'0501'!$C$1:'0501'!H$44,5,FALSE),G4-E4)) -> 45 | L4: =IFERROR(K4/J4,) -> 2.6470588 | M4: 0502顶78,26,10,4，2
A5: 人一天到底要吃多少，才不会太多也不会太少？ | B5: 回答 | C5: 45776 | D5: 445 | E5: 389 | F5: 445 | G5: 389 | H5: =E5/D5 -> 0.8741573 | I5: =G5/F5 -> 0.8741573 | J5: =F5-IFERROR(VLOOKUP($A5,'0501'!$A$1:'0501'!G$48,6,FALSE),IFERROR(VLOOKUP($C5,'0501'!$C$1:'0501'!G$48,4,FALSE),F5-D5)) -> 95 | K5: =G5-IFERROR(VLOOKUP($A5,'0501'!$A$1:'0501'!H$44,7,FALSE),IFERROR(VLOOKUP($C5,'0501'!$C$1:'0501'!H$44,5,FALSE),G5-E5)) -> 21 | L5: =IFERROR(K5/J5,) -> 0.22105263
A6: 同样的时间，为什么早上煮的菜晚上可以吃，但晚上煮的菜第二天早上就叫隔夜菜，吃了就不利于健康呢？ | B6: 回答 | C6: 45775 | D6: 219 | E6: 294 | F6: 219 | G6: 294 | H6: =E6/D6 -> 1.3424658 | I6: =G6/F6 -> 1.3424658 | J6: =F6-IFERROR(VLOOKUP($A6,'0501'!$A$1:'0501'!G$48,6,FALSE),IFERROR(VLOOKUP($C6,'0501'!$C$1:'0501'!G$48,4,FALSE),F6-D6)) -> 19 | K6: =G6-IFERROR(VLOOKUP($A6,'0501'!$A$1:'0501'!H$44,7,FALSE),IFERROR(VLOOKUP($C6,'0501'!$C$1:'0501'!H$44,5,FALSE),G6-E6)) -> 17 | L6: =IFERROR(K6/J6,) -> 0.89473684
A7: 能否告诉我这花团锦簇的是什么树？ | B7: 回答 | C7: 45775 | D7: 135 | E7: 304 | F7: 135 | G7: 304 | H7: =E7/D7 -> 2.2518519 | I7: =G7/F7 -> 2.2518519 | J7: =F7-IFERROR(VLOOKUP($A7,'0501'!$A$1:'0501'!G$48,6,FALSE),IFERROR(VLOOKUP($C7,'0501'!$C$1:'0501'!G$48,4,FALSE),F7-D7)) -> 2 | K7: =G7-IFERROR(VLOOKUP($A7,'0501'!$A$1:'0501'!H$44,7,FALSE),IFERROR(VLOOKUP($C7,'0501'!$C$1:'0501'!H$44,5,FALSE),G7-E7)) -> 0 | L7: =IFERROR(K7/J7,) -> 0
A8: 医生说少油少盐，不可抗拒的原因一直在吃食堂，是不是少吃点多喝汤就达到上述要求？ | B8: 回答 | C8: 45774 | D8: 140 | E8: 216 | F8: 140 | G8: 216 | H8: =E8/D8 -> 1.5428571 | I8: =G8/F8 -> 1.5428571 | J8: =F8-IFERROR(VLOOKUP($A8,'0501'!$A$1:'0501'!G$48,6,FALSE),IFERROR(VLOOKUP($C8,'0501'!$C$1:'0501'!G$48,4,FALSE),F8-D8)) -> 4 | K8: =G8-IFERROR(VLOOKUP($A8,'0501'!$A$1:'0501'!H$44,7,FALSE),IFERROR(VLOOKUP($C8,'0501'!$C$1:'0501'!H$44,5,FALSE),G8-E8)) -> 0 | L8: =IFERROR(K8/J8,) -> 0
A9: 有人说一周吃四个鸡蛋就够了，有人说每天一个鸡蛋最好，到底哪种说法更合适？ | B9: 回答 | C9: 45774 | D9: 385 | E9: 367 | F9: 385 | G9: 367 | H9: =E9/D9 -> 0.95324675 | I9: =G9/F9 -> 0.95324675 | J9: =F9-IFERROR(VLOOKUP($A9,'0501'!$A$1:'0501'!G$48,6,FALSE),IFERROR(VLOOKUP($C9,'0501'!$C$1:'0501'!G$48,4,FALSE),F9-D9)) -> 13 | K9: =G9-IFERROR(VLOOKUP($A9,'0501'!$A$1:'0501'!H$44,7,FALSE),IFERROR(VLOOKUP($C9,'0501'!$C$1:'0501'!H$44,5,FALSE),G9-E9)) -> 4 | L9: =IFERROR(K9/J9,) -> 0.30769231
A10: 这是什么品种的花卉？ | B10: 回答 | C10: 45773 | D10: 138 | E10: 190 | F10: 138 | G10: 190 | H10: =E10/D10 -> 1.3768116 | I10: =G10/F10 -> 1.3768116 | J10: =F10-IFERROR(VLOOKUP($A10,'0501'!$A$1:'0501'!G$48,6,FALSE),IFERROR(VLOOKUP($C10,'0501'!$C$1:'0501'!G$48,4,FALSE),F10-D10)) -> 4 | K10: =G10-IFERROR(VLOOKUP($A10,'0501'!$A$1:'0501'!H$44,7,FALSE),IFERROR(VLOOKUP($C10,'0501'!$C$1:'0501'!H$44,5,FALSE),G10-E10)) -> 0 | L10: =IFERROR(K10/J10,) -> 0
A11: 酸菜炖大骨头好吃的做法有哪些？ | B11: 回答 | C11: 45773 | D11: 217 | E11: 247 | F11: 217 | G11: 247 | H11: =E11/D11 -> 1.1382488 | I11: =G11/F11 -> 1.1382488 | J11: =F11-IFERROR(VLOOKUP($A11,'0501'!$A$1:'0501'!G$48,6,FALSE),IFERROR(VLOOKUP($C11,'0501'!$C$1:'0501'!G$48,4,FALSE),F11-D11)) -> 2 | K11: =G11-IFERROR(VLOOKUP($A11,'0501'!$A$1:'0501'!H$44,7,FALSE),IFERROR(VLOOKUP($C11,'0501'!$C$1:'0501'!H$44,5,FALSE),G11-E11)) -> 6 | L11: =IFERROR(K11/J11,) -> 3
A12: 两杯水中，一杯其中加盐鸡蛋会怎么样？ | B12: 回答 | C12: 45772 | D12: 140 | E12: 519 | F12: 140 | G12: 519 | H12: =E12/D12 -> 3.7071429 | I12: =G12/F12 -> 3.7071429 | J12: =F12-IFERROR(VLOOKUP($A12,'0501'!$A$1:'0501'!G$48,6,FALSE),IFERROR(VLOOKUP($C12,'0501'!$C$1:'0501'!G$48,4,FALSE),F12-D12)) -> 16 | K12: =G12-IFERROR(VLOOKUP($A12,'0501'!$A$1:'0501'!H$44,7,FALSE),IFERROR(VLOOKUP($C12,'0501'!$C$1:'0501'!H$44,5,FALSE),G12-E12)) -> 57 | L12: =IFERROR(K12/J12,) -> 3.5625 | M12: 0430顶99,23,26,2,1
A13: 煎鱼总粘锅破皮是物理问题还是技术问题？家庭厨房如何彻底解决？ | B13: 回答 | C13: 45771 | D13: 155 | E13: 89 | F13: 187 | G13: 183 | H13: =E13/D13 -> 0.57419355 | I13: =G13/F13 -> 0.97860963 | J13: =F13-IFERROR(VLOOKUP($A13,'0501'!$A$1:'0501'!G$48,6,FALSE),IFERROR(VLOOKUP($C13,'0501'!$C$1:'0501'!G$48,4,FALSE),F13-D13)) -> 3 | K13: =G13-IFERROR(VLOOKUP($A13,'0501'!$A$1:'0501'!H$44,7,FALSE),IFERROR(VLOOKUP($C13,'0501'!$C$1:'0501'!H$44,5,FALSE),G13-E13)) -> 6 | L13: =IFERROR(K13/J13,) -> 2
A14: 蝴蝶兰花茎为啥这么粗壮？ | B14: 回答 | C14: 45771 | D14: 78 | E14: 50 | F14: 163 | G14: 121 | H14: =E14/D14 -> 0.64102564 | I14: =G14/F14 -> 0.74233129 | J14: =F14-IFERROR(VLOOKUP($A14,'0501'!$A$1:'0501'!G$48,6,FALSE),IFERROR(VLOOKUP($C14,'0501'!$C$1:'0501'!G$48,4,FALSE),F14-D14)) -> 7 | K14: =G14-IFERROR(VLOOKUP($A14,'0501'!$A$1:'0501'!H$44,7,FALSE),IFERROR(VLOOKUP($C14,'0501'!$C$1:'0501'!H$44,5,FALSE),G14-E14)) -> 0 | L14: =IFERROR(K14/J14,) -> 0
A15: 血压高适合吃哪些食物？ | B15: 回答 | C15: 45770 | D15: 126 | E15: 442 | F15: 213 | G15: 685 | H15: =E15/D15 -> 3.5079365 | I15: =G15/F15 -> 3.2159624 | J15: =F15-IFERROR(VLOOKUP($A15,'0501'!$A$1:'0501'!G$48,6,FALSE),IFERROR(VLOOKUP($C15,'0501'!$C$1:'0501'!G$48,4,FALSE),F15-D15)) -> 3 | K15: =G15-IFERROR(VLOOKUP($A15,'0501'!$A$1:'0501'!H$44,7,FALSE),IFERROR(VLOOKUP($C15,'0501'!$C$1:'0501'!H$44,5,FALSE),G15-E15)) -> 0 | L15: =IFERROR(K15/J15,) -> 0 | M15: 0426顶98,26,40,3,1
A16: 这个长在植物上白色东西是甚么？会不会影响植物生长？ | B16: 回答 | C16: 45769 | D16: 20 | E16: 42 | F16: 142 | G16: 418 | H16: =E16/D16 -> 2.1 | I16: =G16/F16 -> 2.943662 | J16: =F16-IFERROR(VLOOKUP($A16,'0501'!$A$1:'0501'!G$48,6,FALSE),IFERROR(VLOOKUP($C16,'0501'!$C$1:'0501'!G$48,4,FALSE),F16-D16)) -> 1 | K16: =G16-IFERROR(VLOOKUP($A16,'0501'!$A$1:'0501'!H$44,7,FALSE),IFERROR(VLOOKUP($C16,'0501'!$C$1:'0501'!H$44,5,FALSE),G16-E16)) -> 0 | L16: =IFERROR(K16/J16,) -> 0
A17: 你能不能找到一个比较简单的数学问题，但是deepseek却得不到正确结果？ | B17: 回答 | C17: 45769 | D17: 84 | E17: 14 | F17: 550 | G17: 334 | H17: =E17/D17 -> 0.16666667 | I17: =G17/F17 -> 0.60727273 | J17: =F17-IFERROR(VLOOKUP($A17,'0501'!$A$1:'0501'!G$48,6,FALSE),IFERROR(VLOOKUP($C17,'0501'!$C$1:'0501'!G$48,4,FALSE),F17-D17)) -> 4 | K17: =G17-IFERROR(VLOOKUP($A17,'0501'!$A$1:'0501'!H$44,7,FALSE),IFERROR(VLOOKUP($C17,'0501'!$C$1:'0501'!H$44,5,FALSE),G17-E17)) -> 0 | L17: =IFERROR(K17/J17,) -> 0
A18: 同样的电饭煲煮饭，用不同的大米煮，加的水是一样的吗？ | B18: 回答 | C18: 45768 | D18: 20 | E18: 12 | F18: 215 | G18: 603 | H18: =E18/D18 -> 0.6 | I18: =G18/F18 -> 2.8046512 | J18: =F18-IFERROR(VLOOKUP($A18,'0501'!$A$1:'0501'!G$48,6,FALSE),IFERROR(VLOOKUP($C18,'0501'!$C$1:'0501'!G$48,4,FALSE),F18-D18)) -> 0 | K18: =G18-IFERROR(VLOOKUP($A18,'0501'!$A$1:'0501'!H$44,7,FALSE),IFERROR(VLOOKUP($C18,'0501'!$C$1:'0501'!H$44,5,FALSE),G18-E18)) -> 0 | L18: =IFERROR(K18/J18,) -> 0
A19: 怎么分辨桃花樱桃李子树花梨花呢？ | B19: 回答 | C19: 45768 | D19: 40 | E19: 86 | F19: 144 | G19: 469 | H19: =E19/D19 -> 2.15 | I19: =G19/F19 -> 3.2569444 | J19: =F19-IFERROR(VLOOKUP($A19,'0501'!$A$1:'0501'!G$48,6,FALSE),IFERROR(VLOOKUP($C19,'0501'!$C$1:'0501'!G$48,4,FALSE),F19-D19)) -> 2 | K19: =G19-IFERROR(VLOOKUP($A19,'0501'!$A$1:'0501'!H$44,7,FALSE),IFERROR(VLOOKUP($C19,'0501'!$C$1:'0501'!H$44,5,FALSE),G19-E19)) -> 0 | L19: =IFERROR(K19/J19,) -> 0 | M19: 0424顶96,23,30,2,4
A20: 问一个数学问题，可能有99%的人都答错：6个鸡蛋，打碎了两个，煮了两个，吃了两个，还剩几个？ | B20: 回答 | C20: 45766 | D20: 161 | E20: 7 | F20: 883 | G20: 583 | H20: =E20/D20 -> 0.043478261 | I20: =G20/F20 -> 0.66024915 | J20: =F20-IFERROR(VLOOKUP($A20,'0501'!$A$1:'0501'!G$48,6,FALSE),IFERROR(VLOOKUP($C20,'0501'!$C$1:'0501'!G$48,4,FALSE),F20-D20)) -> 34 | K20: =G20-IFERROR(VLOOKUP($A20,'0501'!$A$1:'0501'!H$44,7,FALSE),IFERROR(VLOOKUP($C20,'0501'!$C$1:'0501'!H$44,5,FALSE),G20-E20)) -> 0 | L20: =IFERROR(K20/J20,) -> 0
A21: 为啥大中火煸油 没等油煸出来就糊了? | B21: 回答 | C21: 45765 | D21: 30 | E21: 6 | F21: 401 | G21: 452 | H21: =E21/D21 -> 0.2 | I21: =G21/F21 -> 1.127182 | J21: =F21-IFERROR(VLOOKUP($A21,'0501'!$A$1:'0501'!G$48,6,FALSE),IFERROR(VLOOKUP($C21,'0501'!$C$1:'0501'!G$48,4,FALSE),F21-D21)) -> 0 | K21: =G21-IFERROR(VLOOKUP($A21,'0501'!$A$1:'0501'!H$44,7,FALSE),IFERROR(VLOOKUP($C21,'0501'!$C$1:'0501'!H$44,5,FALSE),G21-E21)) -> 0 | L21: =IFERROR(K21/J21,) -> 0
A22: 一盘饺子姐姐吃剩7个妹妹吃剩9个两人都吃差4个饺子有几个? | B22: 回答 | C22: 45764 | D22: 12 | E22: 7 | F22: 161 | G22: 541 | H22: =E22/D22 -> 0.58333333 | I22: =G22/F22 -> 3.3602484 | J22: =F22-IFERROR(VLOOKUP($A22,'0501'!$A$1:'0501'!G$48,6,FALSE),IFERROR(VLOOKUP($C22,'0501'!$C$1:'0501'!G$48,4,FALSE),F22-D22)) -> 0 | K22: =G22-IFERROR(VLOOKUP($A22,'0501'!$A$1:'0501'!H$44,7,FALSE),IFERROR(VLOOKUP($C22,'0501'!$C$1:'0501'!H$44,5,FALSE),G22-E22)) -> 0 | L22: =IFERROR(K22/J22,) -> 0
A23: 大树被锯掉树冠还能发芽吗？ | B23: 回答 | C23: 45764 | D23: 75 | E23: 7 | F23: 352 | G23: 261 | H23: =E23/D23 -> 0.093333333 | I23: =G23/F23 -> 0.74147727 | J23: =F23-IFERROR(VLOOKUP($A23,'0501'!$A$1:'0501'!G$48,6,FALSE),IFERROR(VLOOKUP($C23,'0501'!$C$1:'0501'!G$48,4,FALSE),F23-D23)) -> 10 | K23: =G23-IFERROR(VLOOKUP($A23,'0501'!$A$1:'0501'!H$44,7,FALSE),IFERROR(VLOOKUP($C23,'0501'!$C$1:'0501'!H$44,5,FALSE),G23-E23)) -> 0 | L23: =IFERROR(K23/J23,) -> 0
A24: 请问怎么能彻底杀死一棵香椿树？ | B24: 回答 | C24: 45763 | D24: 66 | E24: 4 | F24: 649 | G24: 370 | H24: =E24/D24 -> 0.060606061 | I24: =G24/F24 -> 0.57010786 | J24: =F24-IFERROR(VLOOKUP($A24,'0501'!$A$1:'0501'!G$48,6,FALSE),IFERROR(VLOOKUP($C24,'0501'!$C$1:'0501'!G$48,4,FALSE),F24-D24)) -> 1 | K24: =G24-IFERROR(VLOOKUP($A24,'0501'!$A$1:'0501'!H$44,7,FALSE),IFERROR(VLOOKUP($C24,'0501'!$C$1:'0501'!H$44,5,FALSE),G24-E24)) -> 0 | L24: =IFERROR(K24/J24,) -> 0
A25: 少先队员种杨树和柳树共140棵，杨树比柳树多40棵，那么杨树种了多少棵，柳树种了多少棵。? | B25: 回答 | C25: 45763 | D25: 2 | E25: 4 | F25: 130 | G25: 198 | H25: =E25/D25 -> 2 | I25: =G25/F25 -> 1.5230769 | J25: =F25-IFERROR(VLOOKUP($A25,'0501'!$A$1:'0501'!G$48,6,FALSE),IFERROR(VLOOKUP($C25,'0501'!$C$1:'0501'!G$48,4,FALSE),F25-D25)) -> 0 | K25: =G25-IFERROR(VLOOKUP($A25,'0501'!$A$1:'0501'!H$44,7,FALSE),IFERROR(VLOOKUP($C25,'0501'!$C$1:'0501'!H$44,5,FALSE),G25-E25)) -> 0 | L25: =IFERROR(K25/J25,) -> 0 | M25: 0427收益期128，194
A26: 请问在食堂打饭时一两米饭指的是熟重一两还是生重一两? | B26: 回答 | C26: 45762 | D26: 12 | E26: 6 | F26: 595 | G26: 641 | H26: =E26/D26 -> 0.5 | I26: =G26/F26 -> 1.0773109 | J26: =F26-IFERROR(VLOOKUP($A26,'0501'!$A$1:'0501'!G$48,6,FALSE),IFERROR(VLOOKUP($C26,'0501'!$C$1:'0501'!G$48,4,FALSE),F26-D26)) -> 0 | K26: =G26-IFERROR(VLOOKUP($A26,'0501'!$A$1:'0501'!H$44,7,FALSE),IFERROR(VLOOKUP($C26,'0501'!$C$1:'0501'!H$44,5,FALSE),G26-E26)) -> 0 | L26: =IFERROR(K26/J26,) -> 0 | M26: 0428收益期593,635
A27: 做蒸饺时应该怎么和面呢？ | B27: 回答 | C27: 45761 | D27: 27 | E27: 6 | F27: 1055 | G27: 913 | H27: =E27/D27 -> 0.22222222 | I27: =G27/F27 -> 0.86540284 | J27: =F27-IFERROR(VLOOKUP($A27,'0501'!$A$1:'0501'!G$48,6,FALSE),IFERROR(VLOOKUP($C27,'0501'!$C$1:'0501'!G$48,4,FALSE),F27-D27)) -> 1 | K27: =G27-IFERROR(VLOOKUP($A27,'0501'!$A$1:'0501'!H$44,7,FALSE),IFERROR(VLOOKUP($C27,'0501'!$C$1:'0501'!H$44,5,FALSE),G27-E27)) -> 0 | L27: =IFERROR(K27/J27,) -> 0 | M27: 0426收益期1029,907
A28: 为什么我做的红烧肉总是不够软烂入味，有什么小窍门能让红烧肉达到入口即化的口感呢？ | B28: 回答 | C28: 45757 | D28: 12 | E28: 6 | F28: 625 | G28: 763 | H28: =E28/D28 -> 0.5 | I28: =G28/F28 -> 1.2208 | J28: =F28-IFERROR(VLOOKUP($A28,'0501'!$A$1:'0501'!G$48,6,FALSE),IFERROR(VLOOKUP($C28,'0501'!$C$1:'0501'!G$48,4,FALSE),F28-D28)) -> 1 | K28: =G28-IFERROR(VLOOKUP($A28,'0501'!$A$1:'0501'!H$44,7,FALSE),IFERROR(VLOOKUP($C28,'0501'!$C$1:'0501'!H$44,5,FALSE),G28-E28)) -> 0 | L28: =IFERROR(K28/J28,) -> 0 | M28: 0425收益期613,757
A29: 你们采摘过野外的桑葚么？或者采摘过什么野果野菜？口感怎么样？ | B29: 回答 | C29: 45750 | D29: 9 | E29: 12 | F29: 225 | G29: 542 | H29: =E29/D29 -> 1.3333333 | I29: =G29/F29 -> 2.4088889 | J29: =F29-IFERROR(VLOOKUP($A29,'0501'!$A$1:'0501'!G$48,6,FALSE),IFERROR(VLOOKUP($C29,'0501'!$C$1:'0501'!G$48,4,FALSE),F29-D29)) -> 0 | K29: =G29-IFERROR(VLOOKUP($A29,'0501'!$A$1:'0501'!H$44,7,FALSE),IFERROR(VLOOKUP($C29,'0501'!$C$1:'0501'!H$44,5,FALSE),G29-E29)) -> 0 | L29: =IFERROR(K29/J29,) -> 0 | M29: 0426收益期222,530
A30: 钟南山呼吁别再「无效节约」，别让剩饭剩菜伤了胃，剩菜剩饭有哪些危害？生活中还有哪些饮食健康易被忽视？ | B30: 回答 | C30: 45748 | D30: 50 | E30: 13 | F30: 224465 | G30: 10593 | H30: =E30/D30 -> 0.26 | I30: =G30/F30 -> 0.047192213 | J30: =F30-IFERROR(VLOOKUP($A30,'0501'!$A$1:'0501'!G$48,6,FALSE),IFERROR(VLOOKUP($C30,'0501'!$C$1:'0501'!G$48,4,FALSE),F30-D30)) -> 5 | K30: =G30-IFERROR(VLOOKUP($A30,'0501'!$A$1:'0501'!H$44,7,FALSE),IFERROR(VLOOKUP($C30,'0501'!$C$1:'0501'!H$44,5,FALSE),G30-E30)) -> 0 | L30: =IFERROR(K30/J30,) -> 0 | M30: 0407荐22.3万，784,296,399,48
A31: 谁能提供一个猪肉好吃又简单的做法？ | B31: 回答 | C31: 45743 | D31: 86 | E31: 10 | F31: 4885 | G31: 1986 | H31: =E31/D31 -> 0.11627907 | I31: =G31/F31 -> 0.40655067 | J31: =F31-IFERROR(VLOOKUP($A31,'0501'!$A$1:'0501'!G$48,6,FALSE),IFERROR(VLOOKUP($C31,'0501'!$C$1:'0501'!G$48,4,FALSE),F31-D31)) -> 9 | K31: =G31-IFERROR(VLOOKUP($A31,'0501'!$A$1:'0501'!H$44,7,FALSE),IFERROR(VLOOKUP($C31,'0501'!$C$1:'0501'!H$44,5,FALSE),G31-E31)) -> 0 | L31: =IFERROR(K31/J31,) -> 0 | M31: 0425收益期4799,1976
A32: 牛肉水煮40分钟后，轻微炒2分钟，吃起来还是很硬很柴，问题出在哪里呢？ | B32: 回答 | C32: 45741 | D32: 119 | E32: 15 | F32: 1201 | G32: 682 | H32: =E32/D32 -> 0.12605042 | I32: =G32/F32 -> 0.56786012 | J32: =F32-IFERROR(VLOOKUP($A32,'0501'!$A$1:'0501'!G$48,6,FALSE),IFERROR(VLOOKUP($C32,'0501'!$C$1:'0501'!G$48,4,FALSE),F32-D32)) -> 8 | K32: =G32-IFERROR(VLOOKUP($A32,'0501'!$A$1:'0501'!H$44,7,FALSE),IFERROR(VLOOKUP($C32,'0501'!$C$1:'0501'!H$44,5,FALSE),G32-E32)) -> 5 | L32: =IFERROR(K32/J32,) -> 0.625 | M32: 0413收益期928，667
A33: 草莓究竟是哪个季节的果实? | B33: 回答 | C33: 45734 | D33: 40 | E33: 5 | F33: 494 | G33: 670 | H33: =E33/D33 -> 0.125 | I33: =G33/F33 -> 1.3562753 | J33: =F33-IFERROR(VLOOKUP($A33,'0501'!$A$1:'0501'!G$48,6,FALSE),IFERROR(VLOOKUP($C33,'0501'!$C$1:'0501'!G$48,4,FALSE),F33-D33)) -> 6 | K33: =G33-IFERROR(VLOOKUP($A33,'0501'!$A$1:'0501'!H$44,7,FALSE),IFERROR(VLOOKUP($C33,'0501'!$C$1:'0501'!H$44,5,FALSE),G33-E33)) -> 0 | L33: =IFERROR(K33/J33,) -> 0 | M33: 0401收益期317,655
A34: 油炸食物很香，哪些蔬菜适合油炸且非常好吃？ | B34: 回答 | C34: 45719 | D34: 9 | E34: 10 | F34: 379 | G34: 657 | H34: =E34/D34 -> 1.1111111 | I34: =G34/F34 -> 1.7335092 | J34: =F34-IFERROR(VLOOKUP($A34,'0501'!$A$1:'0501'!G$48,6,FALSE),IFERROR(VLOOKUP($C34,'0501'!$C$1:'0501'!G$48,4,FALSE),F34-D34)) -> 2 | K34: =G34-IFERROR(VLOOKUP($A34,'0501'!$A$1:'0501'!H$44,7,FALSE),IFERROR(VLOOKUP($C34,'0501'!$C$1:'0501'!H$44,5,FALSE),G34-E34)) -> 0 | L34: =IFERROR(K34/J34,) -> 0 | M34: 0403收益期359,647
A35: 早餐吃什么最好？是牛奶还是面包？ | B35: 回答 | C35: 45713 | D35: 10 | E35: 31 | F35: 225 | G35: 589 | H35: =E35/D35 -> 3.1 | I35: =G35/F35 -> 2.6177778 | J35: =F35-IFERROR(VLOOKUP($A35,'0501'!$A$1:'0501'!G$48,6,FALSE),IFERROR(VLOOKUP($C35,'0501'!$C$1:'0501'!G$48,4,FALSE),F35-D35)) -> 0 | K35: =G35-IFERROR(VLOOKUP($A35,'0501'!$A$1:'0501'!H$44,7,FALSE),IFERROR(VLOOKUP($C35,'0501'!$C$1:'0501'!H$44,5,FALSE),G35-E35)) -> 0 | L35: =IFERROR(K35/J35,) -> 0 | M35: 0402收益期203,558
A36: 酥脆剂和泡打粉的区别有哪些？ | B36: 回答 | C36: 45691 | D36: 35 | E36: 5 | F36: 319 | G36: 36 | H36: =E36/D36 -> 0.14285714 | I36: =G36/F36 -> 0.11285266 | J36: =F36-IFERROR(VLOOKUP($A36,'0501'!$A$1:'0501'!G$48,6,FALSE),IFERROR(VLOOKUP($C36,'0501'!$C$1:'0501'!G$48,4,FALSE),F36-D36)) -> 2 | K36: =G36-IFERROR(VLOOKUP($A36,'0501'!$A$1:'0501'!H$44,7,FALSE),IFERROR(VLOOKUP($C36,'0501'!$C$1:'0501'!H$44,5,FALSE),G36-E36)) -> 0 | L36: =IFERROR(K36/J36,) -> 0 | M36: 0216收益期91,31
A37: 鸡蛋放两个月没坏还能吃吗？ | B37: 回答 | C37: 45598 | D37: 72 | E37: 2 | F37: 1273 | G37: 789 | H37: =E37/D37 -> 0.027777778 | I37: =G37/F37 -> 0.61979576 | J37: =F37-IFERROR(VLOOKUP($A37,'0501'!$A$1:'0501'!G$48,6,FALSE),IFERROR(VLOOKUP($C37,'0501'!$C$1:'0501'!G$48,4,FALSE),F37-D37)) -> 11 | K37: =G37-IFERROR(VLOOKUP($A37,'0501'!$A$1:'0501'!H$44,7,FALSE),IFERROR(VLOOKUP($C37,'0501'!$C$1:'0501'!H$44,5,FALSE),G37-E37)) -> 0 | L37: =IFERROR(K37/J37,) -> 0 | M37: 0412收益期1091,787
K38: =SUM(K2:K37) -> 337

Sheet 0503
A1: 内容 | B1: 内容类型 | C1: 内容发布时间 | D1: 本期阅读量 | E1: 本期收益 | F1: 累计阅读量 | G1: 累计收益 | J1: 新增浏览 | K1: 新增收益
A2: 自己种的都忘了，请问这个是什么果树? | B2: 回答 | C2: 45779 | D2: 100 | E2: 84 | F2: 100 | G2: 84 | H2: =E2/D2 -> 0.84 | I2: =G2/F2 -> 0.84 | J2: =F2-IFERROR(VLOOKUP($A2,'0502'!$A$1:'0502'!G$48,6,FALSE),IFERROR(VLOOKUP($C2,'0502'!$C$1:'0502'!G$48,4,FALSE),F2-D2)) -> 100 | K2: =G2-IFERROR(VLOOKUP($A2,'0502'!$A$1:'0502'!H$44,7,FALSE),IFERROR(VLOOKUP($C2,'0502'!$C$1:'0502'!H$44,5,FALSE),G2-E2)) -> 84 | L2: =IFERROR(K2/J2,) -> 0.84
A3: 前几天养了四只小鸡，一只死了。还剩三只鸡，其中的一只鸡又被其它两只小鸡把屁眼那块啄的血琳琳，啥原因？ | B3: 回答 | C3: 45778 | D3: 310 | E3: 140 | F3: 310 | G3: 140 | H3: =E3/D3 -> 0.4516129 | I3: =G3/F3 -> 0.4516129 | J3: =F3-IFERROR(VLOOKUP($A3,'0502'!$A$1:'0502'!G$48,6,FALSE),IFERROR(VLOOKUP($C3,'0502'!$C$1:'0502'!G$48,4,FALSE),F3-D3)) -> 28 | K3: =G3-IFERROR(VLOOKUP($A3,'0502'!$A$1:'0502'!H$44,7,FALSE),IFERROR(VLOOKUP($C3,'0502'!$C$1:'0502'!H$44,5,FALSE),G3-E3)) -> 14 | L3: =IFERROR(K3/J3,) -> 0.5
A4: 请问在不破坏树的情况下怎么把树皮腐蚀下来一点，不让大树压到房子? | B4: 回答 | C4: 45777 | D4: 182 | E4: 283 | F4: 182 | G4: 283 | H4: =E4/D4 -> 1.5549451 | I4: =G4/F4 -> 1.5549451 | J4: =F4-IFERROR(VLOOKUP($A4,'0502'!$A$1:'0502'!G$48,6,FALSE),IFERROR(VLOOKUP($C4,'0502'!$C$1:'0502'!G$48,4,FALSE),F4-D4)) -> 39 | K4: =G4-IFERROR(VLOOKUP($A4,'0502'!$A$1:'0502'!H$44,7,FALSE),IFERROR(VLOOKUP($C4,'0502'!$C$1:'0502'!H$44,5,FALSE),G4-E4)) -> 7 | L4: =IFERROR(K4/J4,) -> 0.17948718
A5: 香椿的功效与作用是什么呢？ | B5: 回答 | C5: 45777 | D5: 86 | E5: 222 | F5: 86 | G5: 222 | H5: =E5/D5 -> 2.5813953 | I5: =G5/F5 -> 2.5813953 | J5: =F5-IFERROR(VLOOKUP($A5,'0502'!$A$1:'0502'!G$48,6,FALSE),IFERROR(VLOOKUP($C5,'0502'!$C$1:'0502'!G$48,4,FALSE),F5-D5)) -> 8 | K5: =G5-IFERROR(VLOOKUP($A5,'0502'!$A$1:'0502'!H$44,7,FALSE),IFERROR(VLOOKUP($C5,'0502'!$C$1:'0502'!H$44,5,FALSE),G5-E5)) -> 12 | L5: =IFERROR(K5/J5,) -> 1.5 | M5: 0502顶78,26,10,4，2
A6: 人一天到底要吃多少，才不会太多也不会太少？ | B6: 回答 | C6: 45776 | D6: 516 | E6: 393 | F6: 516 | G6: 393 | H6: =E6/D6 -> 0.76162791 | I6: =G6/F6 -> 0.76162791 | J6: =F6-IFERROR(VLOOKUP($A6,'0502'!$A$1:'0502'!G$48,6,FALSE),IFERROR(VLOOKUP($C6,'0502'!$C$1:'0502'!G$48,4,FALSE),F6-D6)) -> 71 | K6: =G6-IFERROR(VLOOKUP($A6,'0502'!$A$1:'0502'!H$44,7,FALSE),IFERROR(VLOOKUP($C6,'0502'!$C$1:'0502'!H$44,5,FALSE),G6-E6)) -> 4 | L6: =IFERROR(K6/J6,) -> 0.056338028
A7: 同样的时间，为什么早上煮的菜晚上可以吃，但晚上煮的菜第二天早上就叫隔夜菜，吃了就不利于健康呢？ | B7: 回答 | C7: 45775 | D7: 226 | E7: 311 | F7: 226 | G7: 311 | H7: =E7/D7 -> 1.3761062 | I7: =G7/F7 -> 1.3761062 | J7: =F7-IFERROR(VLOOKUP($A7,'0502'!$A$1:'0502'!G$48,6,FALSE),IFERROR(VLOOKUP($C7,'0502'!$C$1:'0502'!G$48,4,FALSE),F7-D7)) -> 7 | K7: =G7-IFERROR(VLOOKUP($A7,'0502'!$A$1:'0502'!H$44,7,FALSE),IFERROR(VLOOKUP($C7,'0502'!$C$1:'0502'!H$44,5,FALSE),G7-E7)) -> 17 | L7: =IFERROR(K7/J7,) -> 2.4285714
A8: 能否告诉我这花团锦簇的是什么树？ | B8: 回答 | C8: 45775 | D8: 136 | E8: 304 | F8: 136 | G8: 304 | H8: =E8/D8 -> 2.2352941 | I8: =G8/F8 -> 2.2352941 | J8: =F8-IFERROR(VLOOKUP($A8,'0502'!$A$1:'0502'!G$48,6,FALSE),IFERROR(VLOOKUP($C8,'0502'!$C$1:'0502'!G$48,4,FALSE),F8-D8)) -> 1 | K8: =G8-IFERROR(VLOOKUP($A8,'0502'!$A$1:'0502'!H$44,7,FALSE),IFERROR(VLOOKUP($C8,'0502'!$C$1:'0502'!H$44,5,FALSE),G8-E8)) -> 0 | L8: =IFERROR(K8/J8,) -> 0
A9: 医生说少油少盐，不可抗拒的原因一直在吃食堂，是不是少吃点多喝汤就达到上述要求？ | B9: 回答 | C9: 45774 | D9: 140 | E9: 216 | F9: 140 | G9: 216 | H9: =E9/D9 -> 1.5428571 | I9: =G9/F9 -> 1.5428571 | J9: =F9-IFERROR(VLOOKUP($A9,'0502'!$A$1:'0502'!G$48,6,FALSE),IFERROR(VLOOKUP($C9,'0502'!$C$1:'0502'!G$48,4,FALSE),F9-D9)) -> 0 | K9: =G9-IFERROR(VLOOKUP($A9,'0502'!$A$1:'0502'!H$44,7,FALSE),IFERROR(VLOOKUP($C9,'0502'!$C$1:'0502'!H$44,5,FALSE),G9-E9)) -> 0 | L9: =IFERROR(K9/J9,) -> 0
A10: 有人说一周吃四个鸡蛋就够了，有人说每天一个鸡蛋最好，到底哪种说法更合适？ | B10: 回答 | C10: 45774 | D10: 388 | E10: 367 | F10: 388 | G10: 367 | H10: =E10/D10 -> 0.94587629 | I10: =G10/F10 -> 0.94587629 | J10: =F10-IFERROR(VLOOKUP($A10,'0502'!$A$1:'0502'!G$48,6,FALSE),IFERROR(VLOOKUP($C10,'0502'!$C$1:'0502'!G$48,4,FALSE),F10-D10)) -> 3 | K10: =G10-IFERROR(VLOOKUP($A10,'0502'!$A$1:'0502'!H$44,7,FALSE),IFERROR(VLOOKUP($C10,'0502'!$C$1:'0502'!H$44,5,FALSE),G10-E10)) -> 0 | L10: =IFERROR(K10/J10,) -> 0
A11: 这是什么品种的花卉？ | B11: 回答 | C11: 45773 | D11: 138 | E11: 190 | F11: 138 | G11: 190 | H11: =E11/D11 -> 1.3768116 | I11: =G11/F11 -> 1.3768116 | J11: =F11-IFERROR(VLOOKUP($A11,'0502'!$A$1:'0502'!G$48,6,FALSE),IFERROR(VLOOKUP($C11,'0502'!$C$1:'0502'!G$48,4,FALSE),F11-D11)) -> 0 | K11: =G11-IFERROR(VLOOKUP($A11,'0502'!$A$1:'0502'!H$44,7,FALSE),IFERROR(VLOOKUP($C11,'0502'!$C$1:'0502'!H$44,5,FALSE),G11-E11)) -> 0 | L11: =IFERROR(K11/J11,) -> 0
A12: 酸菜炖大骨头好吃的做法有哪些？ | B12: 回答 | C12: 45773 | D12: 223 | E12: 247 | F12: 223 | G12: 247 | H12: =E12/D12 -> 1.1076233 | I12: =G12/F12 -> 1.1076233 | J12: =F12-IFERROR(VLOOKUP($A12,'0502'!$A$1:'0502'!G$48,6,FALSE),IFERROR(VLOOKUP($C12,'0502'!$C$1:'0502'!G$48,4,FALSE),F12-D12)) -> 6 | K12: =G12-IFERROR(VLOOKUP($A12,'0502'!$A$1:'0502'!H$44,7,FALSE),IFERROR(VLOOKUP($C12,'0502'!$C$1:'0502'!H$44,5,FALSE),G12-E12)) -> 0 | L12: =IFERROR(K12/J12,) -> 0
A13: 两杯水中，一杯其中加盐鸡蛋会怎么样？ | B13: 回答 | C13: 45772 | D13: 151 | E13: 465 | F13: 197 | G13: 612 | H13: =E13/D13 -> 3.0794702 | I13: =G13/F13 -> 3.106599 | J13: =F13-IFERROR(VLOOKUP($A13,'0502'!$A$1:'0502'!G$48,6,FALSE),IFERROR(VLOOKUP($C13,'0502'!$C$1:'0502'!G$48,4,FALSE),F13-D13)) -> 57 | K13: =G13-IFERROR(VLOOKUP($A13,'0502'!$A$1:'0502'!H$44,7,FALSE),IFERROR(VLOOKUP($C13,'0502'!$C$1:'0502'!H$44,5,FALSE),G13-E13)) -> 93 | L13: =IFERROR(K13/J13,) -> 1.6315789 | M13: 0430顶99,23,26,2,1
A14: 煎鱼总粘锅破皮是物理问题还是技术问题？家庭厨房如何彻底解决？ | B14: 回答 | C14: 45771 | D14: 91 | E14: 18 | F14: 189 | G14: 183 | H14: =E14/D14 -> 0.1978022 | I14: =G14/F14 -> 0.96825397 | J14: =F14-IFERROR(VLOOKUP($A14,'0502'!$A$1:'0502'!G$48,6,FALSE),IFERROR(VLOOKUP($C14,'0502'!$C$1:'0502'!G$48,4,FALSE),F14-D14)) -> 2 | K14: =G14-IFERROR(VLOOKUP($A14,'0502'!$A$1:'0502'!H$44,7,FALSE),IFERROR(VLOOKUP($C14,'0502'!$C$1:'0502'!H$44,5,FALSE),G14-E14)) -> 0 | L14: =IFERROR(K14/J14,) -> 0
A15: 蝴蝶兰花茎为啥这么粗壮？ | B15: 回答 | C15: 45771 | D15: 68 | E15: 20 | F15: 167 | G15: 121 | H15: =E15/D15 -> 0.29411765 | I15: =G15/F15 -> 0.7245509 | J15: =F15-IFERROR(VLOOKUP($A15,'0502'!$A$1:'0502'!G$48,6,FALSE),IFERROR(VLOOKUP($C15,'0502'!$C$1:'0502'!G$48,4,FALSE),F15-D15)) -> 4 | K15: =G15-IFERROR(VLOOKUP($A15,'0502'!$A$1:'0502'!H$44,7,FALSE),IFERROR(VLOOKUP($C15,'0502'!$C$1:'0502'!H$44,5,FALSE),G15-E15)) -> 0 | L15: =IFERROR(K15/J15,) -> 0
A16: 血压高适合吃哪些食物？ | B16: 回答 | C16: 45770 | D16: 121 | E16: 404 | F16: 218 | G16: 685 | H16: =E16/D16 -> 3.338843 | I16: =G16/F16 -> 3.1422018 | J16: =F16-IFERROR(VLOOKUP($A16,'0502'!$A$1:'0502'!G$48,6,FALSE),IFERROR(VLOOKUP($C16,'0502'!$C$1:'0502'!G$48,4,FALSE),F16-D16)) -> 5 | K16: =G16-IFERROR(VLOOKUP($A16,'0502'!$A$1:'0502'!H$44,7,FALSE),IFERROR(VLOOKUP($C16,'0502'!$C$1:'0502'!H$44,5,FALSE),G16-E16)) -> 0 | L16: =IFERROR(K16/J16,) -> 0 | M16: 0426顶98,26,40,3,1
A17: 这个长在植物上白色东西是甚么？会不会影响植物生长？ | B17: 回答 | C17: 45769 | D17: 15 | E17: 35 | F17: 144 | G17: 418 | H17: =E17/D17 -> 2.3333333 | I17: =G17/F17 -> 2.9027778 | J17: =F17-IFERROR(VLOOKUP($A17,'0502'!$A$1:'0502'!G$48,6,FALSE),IFERROR(VLOOKUP($C17,'0502'!$C$1:'0502'!G$48,4,FALSE),F17-D17)) -> 2 | K17: =G17-IFERROR(VLOOKUP($A17,'0502'!$A$1:'0502'!H$44,7,FALSE),IFERROR(VLOOKUP($C17,'0502'!$C$1:'0502'!H$44,5,FALSE),G17-E17)) -> 0 | L17: =IFERROR(K17/J17,) -> 0
A18: 你能不能找到一个比较简单的数学问题，但是deepseek却得不到正确结果？ | B18: 回答 | C18: 45769 | D18: 75 | E18: 14 | F18: 557 | G18: 334 | H18: =E18/D18 -> 0.18666667 | I18: =G18/F18 -> 0.59964093 | J18: =F18-IFERROR(VLOOKUP($A18,'0502'!$A$1:'0502'!G$48,6,FALSE),IFERROR(VLOOKUP($C18,'0502'!$C$1:'0502'!G$48,4,FALSE),F18-D18)) -> 7 | K18: =G18-IFERROR(VLOOKUP($A18,'0502'!$A$1:'0502'!H$44,7,FALSE),IFERROR(VLOOKUP($C18,'0502'!$C$1:'0502'!H$44,5,FALSE),G18-E18)) -> 0 | L18: =IFERROR(K18/J18,) -> 0
A19: 同样的电饭煲煮饭，用不同的大米煮，加的水是一样的吗？ | B19: 回答 | C19: 45768 | D19: 16 | E19: 6 | F19: 216 | G19: 603 | H19: =E19/D19 -> 0.375 | I19: =G19/F19 -> 2.7916667 | J19: =F19-IFERROR(VLOOKUP($A19,'0502'!$A$1:'0502'!G$48,6,FALSE),IFERROR(VLOOKUP($C19,'0502'!$C$1:'0502'!G$48,4,FALSE),F19-D19)) -> 1 | K19: =G19-IFERROR(VLOOKUP($A19,'0502'!$A$1:'0502'!H$44,7,FALSE),IFERROR(VLOOKUP($C19,'0502'!$C$1:'0502'!H$44,5,FALSE),G19-E19)) -> 0 | L19: =IFERROR(K19/J19,) -> 0
A20: 怎么分辨桃花樱桃李子树花梨花呢？ | B20: 回答 | C20: 45768 | D20: 13 | E20: 43 | F20: 144 | G20: 469 | H20: =E20/D20 -> 3.3076923 | I20: =G20/F20 -> 3.2569444 | J20: =F20-IFERROR(VLOOKUP($A20,'0502'!$A$1:'0502'!G$48,6,FALSE),IFERROR(VLOOKUP($C20,'0502'!$C$1:'0502'!G$48,4,FALSE),F20-D20)) -> 0 | K20: =G20-IFERROR(VLOOKUP($A20,'0502'!$A$1:'0502'!H$44,7,FALSE),IFERROR(VLOOKUP($C20,'0502'!$C$1:'0502'!H$44,5,FALSE),G20-E20)) -> 0 | L20: =IFERROR(K20/J20,) -> 0 | M20: 0424顶96,23,30,2,4
A21: 问一个数学问题，可能有99%的人都答错：6个鸡蛋，打碎了两个，煮了两个，吃了两个，还剩几个？ | B21: 回答 | C21: 45766 | D21: 127 | E21: 7 | F21: 885 | G21: 583 | H21: =E21/D21 -> 0.05511811 | I21: =G21/F21 -> 0.65875706 | J21: =F21-IFERROR(VLOOKUP($A21,'0502'!$A$1:'0502'!G$48,6,FALSE),IFERROR(VLOOKUP($C21,'0502'!$C$1:'0502'!G$48,4,FALSE),F21-D21)) -> 2 | K21: =G21-IFERROR(VLOOKUP($A21,'0502'!$A$1:'0502'!H$44,7,FALSE),IFERROR(VLOOKUP($C21,'0502'!$C$1:'0502'!H$44,5,FALSE),G21-E21)) -> 0 | L21: =IFERROR(K21/J21,) -> 0
A22: 为啥大中火煸油 没等油煸出来就糊了? | B22: 回答 | C22: 45765 | D22: 14 | E22: 6 | F22: 401 | G22: 452 | H22: =E22/D22 -> 0.42857143 | I22: =G22/F22 -> 1.127182 | J22: =F22-IFERROR(VLOOKUP($A22,'0502'!$A$1:'0502'!G$48,6,FALSE),IFERROR(VLOOKUP($C22,'0502'!$C$1:'0502'!G$48,4,FALSE),F22-D22)) -> 0 | K22: =G22-IFERROR(VLOOKUP($A22,'0502'!$A$1:'0502'!H$44,7,FALSE),IFERROR(VLOOKUP($C22,'0502'!$C$1:'0502'!H$44,5,FALSE),G22-E22)) -> 0 | L22: =IFERROR(K22/J22,) -> 0
A23: 一盘饺子姐姐吃剩7个妹妹吃剩9个两人都吃差4个饺子有几个? | B23: 回答 | C23: 45764 | D23: 15 | E23: 7 | F23: 164 | G23: 541 | H23: =E23/D23 -> 0.46666667 | I23: =G23/F23 -> 3.2987805 | J23: =F23-IFERROR(VLOOKUP($A23,'0502'!$A$1:'0502'!G$48,6,FALSE),IFERROR(VLOOKUP($C23,'0502'!$C$1:'0502'!G$48,4,FALSE),F23-D23)) -> 3 | K23: =G23-IFERROR(VLOOKUP($A23,'0502'!$A$1:'0502'!H$44,7,FALSE),IFERROR(VLOOKUP($C23,'0502'!$C$1:'0502'!H$44,5,FALSE),G23-E23)) -> 0 | L23: =IFERROR(K23/J23,) -> 0
A24: 大树被锯掉树冠还能发芽吗？ | B24: 回答 | C24: 45764 | D24: 61 | E24: 7 | F24: 356 | G24: 261 | H24: =E24/D24 -> 0.1147541 | I24: =G24/F24 -> 0.73314607 | J24: =F24-IFERROR(VLOOKUP($A24,'0502'!$A$1:'0502'!G$48,6,FALSE),IFERROR(VLOOKUP($C24,'0502'!$C$1:'0502'!G$48,4,FALSE),F24-D24)) -> 4 | K24: =G24-IFERROR(VLOOKUP($A24,'0502'!$A$1:'0502'!H$44,7,FALSE),IFERROR(VLOOKUP($C24,'0502'!$C$1:'0502'!H$44,5,FALSE),G24-E24)) -> 0 | L24: =IFERROR(K24/J24,) -> 0
A25: 请问怎么能彻底杀死一棵香椿树？ | B25: 回答 | C25: 45763 | D25: 68 | E25: 4 | F25: 651 | G25: 370 | H25: =E25/D25 -> 0.058823529 | I25: =G25/F25 -> 0.56835637 | J25: =F25-IFERROR(VLOOKUP($A25,'0502'!$A$1:'0502'!G$48,6,FALSE),IFERROR(VLOOKUP($C25,'0502'!$C$1:'0502'!G$48,4,FALSE),F25-D25)) -> 2 | K25: =G25-IFERROR(VLOOKUP($A25,'0502'!$A$1:'0502'!H$44,7,FALSE),IFERROR(VLOOKUP($C25,'0502'!$C$1:'0502'!H$44,5,FALSE),G25-E25)) -> 0 | L25: =IFERROR(K25/J25,) -> 0
A26: 少先队员种杨树和柳树共140棵，杨树比柳树多40棵，那么杨树种了多少棵，柳树种了多少棵。? | B26: 回答 | C26: 45763 | D26: 2 | E26: 4 | F26: 130 | G26: 198 | H26: =E26/D26 -> 2 | I26: =G26/F26 -> 1.5230769 | J26: =F26-IFERROR(VLOOKUP($A26,'0502'!$A$1:'0502'!G$48,6,FALSE),IFERROR(VLOOKUP($C26,'0502'!$C$1:'0502'!G$48,4,FALSE),F26-D26)) -> 0 | K26: =G26-IFERROR(VLOOKUP($A26,'0502'!$A$1:'0502'!H$44,7,FALSE),IFERROR(VLOOKUP($C26,'0502'!$C$1:'0502'!H$44,5,FALSE),G26-E26)) -> 0 | L26: =IFERROR(K26/J26,) -> 0 | M26: 0427收益期128，194
A27: 请问在食堂打饭时一两米饭指的是熟重一两还是生重一两? | B27: 回答 | C27: 45762 | D27: 7 | E27: 6 | F27: 598 | G27: 641 | H27: =E27/D27 -> 0.85714286 | I27: =G27/F27 -> 1.0719064 | J27: =F27-IFERROR(VLOOKUP($A27,'0502'!$A$1:'0502'!G$48,6,FALSE),IFERROR(VLOOKUP($C27,'0502'!$C$1:'0502'!G$48,4,FALSE),F27-D27)) -> 3 | K27: =G27-IFERROR(VLOOKUP($A27,'0502'!$A$1:'0502'!H$44,7,FALSE),IFERROR(VLOOKUP($C27,'0502'!$C$1:'0502'!H$44,5,FALSE),G27-E27)) -> 0 | L27: =IFERROR(K27/J27,) -> 0 | M27: 0428收益期593,635
A28: 做蒸饺时应该怎么和面呢？ | B28: 回答 | C28: 45761 | D28: 27 | E28: 12 | F28: 1056 | G28: 919 | H28: =E28/D28 -> 0.44444444 | I28: =G28/F28 -> 0.87026515 | J28: =F28-IFERROR(VLOOKUP($A28,'0502'!$A$1:'0502'!G$48,6,FALSE),IFERROR(VLOOKUP($C28,'0502'!$C$1:'0502'!G$48,4,FALSE),F28-D28)) -> 1 | K28: =G28-IFERROR(VLOOKUP($A28,'0502'!$A$1:'0502'!H$44,7,FALSE),IFERROR(VLOOKUP($C28,'0502'!$C$1:'0502'!H$44,5,FALSE),G28-E28)) -> 6 | L28: =IFERROR(K28/J28,) -> 6 | M28: 0426收益期1029,907
A29: 为什么我做的红烧肉总是不够软烂入味，有什么小窍门能让红烧肉达到入口即化的口感呢？ | B29: 回答 | C29: 45757 | D29: 10 | E29: 6 | F29: 626 | G29: 763 | H29: =E29/D29 -> 0.6 | I29: =G29/F29 -> 1.2188498 | J29: =F29-IFERROR(VLOOKUP($A29,'0502'!$A$1:'0502'!G$48,6,FALSE),IFERROR(VLOOKUP($C29,'0502'!$C$1:'0502'!G$48,4,FALSE),F29-D29)) -> 1 | K29: =G29-IFERROR(VLOOKUP($A29,'0502'!$A$1:'0502'!H$44,7,FALSE),IFERROR(VLOOKUP($C29,'0502'!$C$1:'0502'!H$44,5,FALSE),G29-E29)) -> 0 | L29: =IFERROR(K29/J29,) -> 0 | M29: 0425收益期613,757
A30: 你们采摘过野外的桑葚么？或者采摘过什么野果野菜？口感怎么样？ | B30: 回答 | C30: 45750 | D30: 3 | E30: 12 | F30: 225 | G30: 542 | H30: =E30/D30 -> 4 | I30: =G30/F30 -> 2.4088889 | J30: =F30-IFERROR(VLOOKUP($A30,'0502'!$A$1:'0502'!G$48,6,FALSE),IFERROR(VLOOKUP($C30,'0502'!$C$1:'0502'!G$48,4,FALSE),F30-D30)) -> 0 | K30: =G30-IFERROR(VLOOKUP($A30,'0502'!$A$1:'0502'!H$44,7,FALSE),IFERROR(VLOOKUP($C30,'0502'!$C$1:'0502'!H$44,5,FALSE),G30-E30)) -> 0 | L30: =IFERROR(K30/J30,) -> 0 | M30: 0426收益期222,530
A31: 钟南山呼吁别再「无效节约」，别让剩饭剩菜伤了胃，剩菜剩饭有哪些危害？生活中还有哪些饮食健康易被忽视？ | B31: 回答 | C31: 45748 | D31: 51 | E31: 13 | F31: 224470 | G31: 10593 | H31: =E31/D31 -> 0.25490196 | I31: =G31/F31 -> 0.047191161 | J31: =F31-IFERROR(VLOOKUP($A31,'0502'!$A$1:'0502'!G$48,6,FALSE),IFERROR(VLOOKUP($C31,'0502'!$C$1:'0502'!G$48,4,FALSE),F31-D31)) -> 5 | K31: =G31-IFERROR(VLOOKUP($A31,'0502'!$A$1:'0502'!H$44,7,FALSE),IFERROR(VLOOKUP($C31,'0502'!$C$1:'0502'!H$44,5,FALSE),G31-E31)) -> 0 | L31: =IFERROR(K31/J31,) -> 0 | M31: 0407荐22.3万，784,296,399,48
A32: 谁能提供一个猪肉好吃又简单的做法？ | B32: 回答 | C32: 45743 | D32: 68 | E32: 15 | F32: 4893 | G32: 1991 | H32: =E32/D32 -> 0.22058824 | I32: =G32/F32 -> 0.40690783 | J32: =F32-IFERROR(VLOOKUP($A32,'0502'!$A$1:'0502'!G$48,6,FALSE),IFERROR(VLOOKUP($C32,'0502'!$C$1:'0502'!G$48,4,FALSE),F32-D32)) -> 8 | K32: =G32-IFERROR(VLOOKUP($A32,'0502'!$A$1:'0502'!H$44,7,FALSE),IFERROR(VLOOKUP($C32,'0502'!$C$1:'0502'!H$44,5,FALSE),G32-E32)) -> 5 | L32: =IFERROR(K32/J32,) -> 0.625 | M32: 0425收益期4799,1976
A33: 牛肉水煮40分钟后，轻微炒2分钟，吃起来还是很硬很柴，问题出在哪里呢？ | B33: 回答 | C33: 45741 | D33: 109 | E33: 10 | F33: 1213 | G33: 687 | H33: =E33/D33 -> 0.091743119 | I33: =G33/F33 -> 0.56636439 | J33: =F33-IFERROR(VLOOKUP($A33,'0502'!$A$1:'0502'!G$48,6,FALSE),IFERROR(VLOOKUP($C33,'0502'!$C$1:'0502'!G$48,4,FALSE),F33-D33)) -> 12 | K33: =G33-IFERROR(VLOOKUP($A33,'0502'!$A$1:'0502'!H$44,7,FALSE),IFERROR(VLOOKUP($C33,'0502'!$C$1:'0502'!H$44,5,FALSE),G33-E33)) -> 5 | L33: =IFERROR(K33/J33,) -> 0.41666667 | M33: 0413收益期928，667
A34: 草莓究竟是哪个季节的果实? | B34: 回答 | C34: 45734 | D34: 34 | E34: 5 | F34: 494 | G34: 670 | H34: =E34/D34 -> 0.14705882 | I34: =G34/F34 -> 1.3562753 | J34: =F34-IFERROR(VLOOKUP($A34,'0502'!$A$1:'0502'!G$48,6,FALSE),IFERROR(VLOOKUP($C34,'0502'!$C$1:'0502'!G$48,4,FALSE),F34-D34)) -> 0 | K34: =G34-IFERROR(VLOOKUP($A34,'0502'!$A$1:'0502'!H$44,7,FALSE),IFERROR(VLOOKUP($C34,'0502'!$C$1:'0502'!H$44,5,FALSE),G34-E34)) -> 0 | L34: =IFERROR(K34/J34,) -> 0 | M34: 0401收益期317,655
A35: 油炸食物很香，哪些蔬菜适合油炸且非常好吃？ | B35: 回答 | C35: 45719 | D35: 9 | E35: 10 | F35: 379 | G35: 657 | H35: =E35/D35 -> 1.1111111 | I35: =G35/F35 -> 1.7335092 | J35: =F35-IFERROR(VLOOKUP($A35,'0502'!$A$1:'0502'!G$48,6,FALSE),IFERROR(VLOOKUP($C35,'0502'!$C$1:'0502'!G$48,4,FALSE),F35-D35)) -> 0 | K35: =G35-IFERROR(VLOOKUP($A35,'0502'!$A$1:'0502'!H$44,7,FALSE),IFERROR(VLOOKUP($C35,'0502'!$C$1:'0502'!H$44,5,FALSE),G35-E35)) -> 0 | L35: =IFERROR(K35/J35,) -> 0 | M35: 0403收益期359,647
A36: 早餐吃什么最好？是牛奶还是面包？ | B36: 回答 | C36: 45713 | D36: 10 | E36: 31 | F36: 225 | G36: 589 | H36: =E36/D36 -> 3.1 | I36: =G36/F36 -> 2.6177778 | J36: =F36-IFERROR(VLOOKUP($A36,'0502'!$A$1:'0502'!G$48,6,FALSE),IFERROR(VLOOKUP($C36,'0502'!$C$1:'0502'!G$48,4,FALSE),F36-D36)) -> 0 | K36: =G36-IFERROR(VLOOKUP($A36,'0502'!$A$1:'0502'!H$44,7,FALSE),IFERROR(VLOOKUP($C36,'0502'!$C$1:'0502'!H$44,5,FALSE),G36-E36)) -> 0 | L36: =IFERROR(K36/J36,) -> 0 | M36: 0402收益期203,558
A37: 酥脆剂和泡打粉的区别有哪些？ | B37: 回答 | C37: 45691 | D37: 31 | E37: 5 | F37: 321 | G37: 36 | H37: =E37/D37 -> 0.16129032 | I37: =G37/F37 -> 0.11214953 | J37: =F37-IFERROR(VLOOKUP($A37,'0502'!$A$1:'0502'!G$48,6,FALSE),IFERROR(VLOOKUP($C37,'0502'!$C$1:'0502'!G$48,4,FALSE),F37-D37)) -> 2 | K37: =G37-IFERROR(VLOOKUP($A37,'0502'!$A$1:'0502'!H$44,7,FALSE),IFERROR(VLOOKUP($C37,'0502'!$C$1:'0502'!H$44,5,FALSE),G37-E37)) -> 0 | L37: =IFERROR(K37/J37,) -> 0 | M37: 0216收益期91,31
A38: 鸡蛋放两个月没坏还能吃吗？ | B38: 回答 | C38: 45598 | D38: 65 | E38: 2 | F38: 1277 | G38: 789 | H38: =E38/D38 -> 0.030769231 | I38: =G38/F38 -> 0.61785435 | J38: =F38-IFERROR(VLOOKUP($A38,'0502'!$A$1:'0502'!G$48,6,FALSE),IFERROR(VLOOKUP($C38,'0502'!$C$1:'0502'!G$48,4,FALSE),F38-D38)) -> 4 | K38: =G38-IFERROR(VLOOKUP($A38,'0502'!$A$1:'0502'!H$44,7,FALSE),IFERROR(VLOOKUP($C38,'0502'!$C$1:'0502'!H$44,5,FALSE),G38-E38)) -> 0 | L38: =IFERROR(K38/J38,) -> 0 | M38: 0412收益期1091,787
K39: =SUM(K2:K38) -> 247

Sheet 0504
A1: 内容 | B1: 内容类型 | C1: 内容发布时间 | D1: 本期阅读量 | E1: 本期收益 | F1: 累计阅读量 | G1: 累计收益 | J1: 新增浏览 | K1: 新增收益
A2: 明明白面是由小麦制成的，为什么很多老人80年代后才吃得起白面馒头？ | B2: 回答 | C2: 45780 | D2: 508 | E2: 249 | F2: 508 | G2: 249 | H2: =E2/D2 -> 0.49015748 | I2: =G2/F2 -> 0.49015748 | J2: =F2-IFERROR(VLOOKUP($A2,'0503'!$A$1:'0503'!G$48,6,FALSE),IFERROR(VLOOKUP($C2,'0503'!$C$1:'0503'!G$48,4,FALSE),F2-D2)) -> 508 | K2: =G2-IFERROR(VLOOKUP($A2,'0503'!$A$1:'0503'!H$44,7,FALSE),IFERROR(VLOOKUP($C2,'0503'!$C$1:'0503'!H$44,5,FALSE),G2-E2)) -> 249 | L2: =IFERROR(K2/J2,) -> 0.49015748
A3: 自己种的都忘了，请问这个是什么果树? | B3: 回答 | C3: 45779 | D3: 117 | E3: 114 | F3: 117 | G3: 114 | H3: =E3/D3 -> 0.97435897 | I3: =G3/F3 -> 0.97435897 | J3: =F3-IFERROR(VLOOKUP($A3,'0503'!$A$1:'0503'!G$48,6,FALSE),IFERROR(VLOOKUP($C3,'0503'!$C$1:'0503'!G$48,4,FALSE),F3-D3)) -> 17 | K3: =G3-IFERROR(VLOOKUP($A3,'0503'!$A$1:'0503'!H$44,7,FALSE),IFERROR(VLOOKUP($C3,'0503'!$C$1:'0503'!H$44,5,FALSE),G3-E3)) -> 30 | L3: =IFERROR(K3/J3,) -> 1.7647059
A4: 前几天养了四只小鸡，一只死了。还剩三只鸡，其中的一只鸡又被其它两只小鸡把屁眼那块啄的血琳琳，啥原因？ | B4: 回答 | C4: 45778 | D4: 336 | E4: 140 | F4: 336 | G4: 140 | H4: =E4/D4 -> 0.41666667 | I4: =G4/F4 -> 0.41666667 | J4: =F4-IFERROR(VLOOKUP($A4,'0503'!$A$1:'0503'!G$48,6,FALSE),IFERROR(VLOOKUP($C4,'0503'!$C$1:'0503'!G$48,4,FALSE),F4-D4)) -> 26 | K4: =G4-IFERROR(VLOOKUP($A4,'0503'!$A$1:'0503'!H$44,7,FALSE),IFERROR(VLOOKUP($C4,'0503'!$C$1:'0503'!H$44,5,FALSE),G4-E4)) -> 0 | L4: =IFERROR(K4/J4,) -> 0
A5: 请问在不破坏树的情况下怎么把树皮腐蚀下来一点，不让大树压到房子? | B5: 回答 | C5: 45777 | D5: 189 | E5: 283 | F5: 189 | G5: 283 | H5: =E5/D5 -> 1.4973545 | I5: =G5/F5 -> 1.4973545 | J5: =F5-IFERROR(VLOOKUP($A5,'0503'!$A$1:'0503'!G$48,6,FALSE),IFERROR(VLOOKUP($C5,'0503'!$C$1:'0503'!G$48,4,FALSE),F5-D5)) -> 7 | K5: =G5-IFERROR(VLOOKUP($A5,'0503'!$A$1:'0503'!H$44,7,FALSE),IFERROR(VLOOKUP($C5,'0503'!$C$1:'0503'!H$44,5,FALSE),G5-E5)) -> 0 | L5: =IFERROR(K5/J5,) -> 0
A6: 香椿的功效与作用是什么呢？ | B6: 回答 | C6: 45777 | D6: 92 | E6: 260 | F6: 92 | G6: 260 | H6: =E6/D6 -> 2.826087 | I6: =G6/F6 -> 2.826087 | J6: =F6-IFERROR(VLOOKUP($A6,'0503'!$A$1:'0503'!G$48,6,FALSE),IFERROR(VLOOKUP($C6,'0503'!$C$1:'0503'!G$48,4,FALSE),F6-D6)) -> 6 | K6: =G6-IFERROR(VLOOKUP($A6,'0503'!$A$1:'0503'!H$44,7,FALSE),IFERROR(VLOOKUP($C6,'0503'!$C$1:'0503'!H$44,5,FALSE),G6-E6)) -> 38 | L6: =IFERROR(K6/J6,) -> 6.3333333 | M6: 0502顶78,26,10,4，2
A7: 人一天到底要吃多少，才不会太多也不会太少？ | B7: 回答 | C7: 45776 | D7: 563 | E7: 393 | F7: 563 | G7: 393 | H7: =E7/D7 -> 0.69804618 | I7: =G7/F7 -> 0.69804618 | J7: =F7-IFERROR(VLOOKUP($A7,'0503'!$A$1:'0503'!G$48,6,FALSE),IFERROR(VLOOKUP($C7,'0503'!$C$1:'0503'!G$48,4,FALSE),F7-D7)) -> 47 | K7: =G7-IFERROR(VLOOKUP($A7,'0503'!$A$1:'0503'!H$44,7,FALSE),IFERROR(VLOOKUP($C7,'0503'!$C$1:'0503'!H$44,5,FALSE),G7-E7)) -> 0 | L7: =IFERROR(K7/J7,) -> 0
A8: 同样的时间，为什么早上煮的菜晚上可以吃，但晚上煮的菜第二天早上就叫隔夜菜，吃了就不利于健康呢？ | B8: 回答 | C8: 45775 | D8: 232 | E8: 311 | F8: 232 | G8: 311 | H8: =E8/D8 -> 1.3405172 | I8: =G8/F8 -> 1.3405172 | J8: =F8-IFERROR(VLOOKUP($A8,'0503'!$A$1:'0503'!G$48,6,FALSE),IFERROR(VLOOKUP($C8,'0503'!$C$1:'0503'!G$48,4,FALSE),F8-D8)) -> 6 | K8: =G8-IFERROR(VLOOKUP($A8,'0503'!$A$1:'0503'!H$44,7,FALSE),IFERROR(VLOOKUP($C8,'0503'!$C$1:'0503'!H$44,5,FALSE),G8-E8)) -> 0 | L8: =IFERROR(K8/J8,) -> 0
A9: 能否告诉我这花团锦簇的是什么树？ | B9: 回答 | C9: 45775 | D9: 136 | E9: 304 | F9: 136 | G9: 304 | H9: =E9/D9 -> 2.2352941 | I9: =G9/F9 -> 2.2352941 | J9: =F9-IFERROR(VLOOKUP($A9,'0503'!$A$1:'0503'!G$48,6,FALSE),IFERROR(VLOOKUP($C9,'0503'!$C$1:'0503'!G$48,4,FALSE),F9-D9)) -> 0 | K9: =G9-IFERROR(VLOOKUP($A9,'0503'!$A$1:'0503'!H$44,7,FALSE),IFERROR(VLOOKUP($C9,'0503'!$C$1:'0503'!H$44,5,FALSE),G9-E9)) -> 0 | L9: =IFERROR(K9/J9,) -> 0
A10: 医生说少油少盐，不可抗拒的原因一直在吃食堂，是不是少吃点多喝汤就达到上述要求？ | B10: 回答 | C10: 45774 | D10: 140 | E10: 216 | F10: 140 | G10: 216 | H10: =E10/D10 -> 1.5428571 | I10: =G10/F10 -> 1.5428571 | J10: =F10-IFERROR(VLOOKUP($A10,'0503'!$A$1:'0503'!G$48,6,FALSE),IFERROR(VLOOKUP($C10,'0503'!$C$1:'0503'!G$48,4,FALSE),F10-D10)) -> 0 | K10: =G10-IFERROR(VLOOKUP($A10,'0503'!$A$1:'0503'!H$44,7,FALSE),IFERROR(VLOOKUP($C10,'0503'!$C$1:'0503'!H$44,5,FALSE),G10-E10)) -> 0 | L10: =IFERROR(K10/J10,) -> 0
A11: 有人说一周吃四个鸡蛋就够了，有人说每天一个鸡蛋最好，到底哪种说法更合适？ | B11: 回答 | C11: 45774 | D11: 390 | E11: 367 | F11: 390 | G11: 367 | H11: =E11/D11 -> 0.94102564 | I11: =G11/F11 -> 0.94102564 | J11: =F11-IFERROR(VLOOKUP($A11,'0503'!$A$1:'0503'!G$48,6,FALSE),IFERROR(VLOOKUP($C11,'0503'!$C$1:'0503'!G$48,4,FALSE),F11-D11)) -> 2 | K11: =G11-IFERROR(VLOOKUP($A11,'0503'!$A$1:'0503'!H$44,7,FALSE),IFERROR(VLOOKUP($C11,'0503'!$C$1:'0503'!H$44,5,FALSE),G11-E11)) -> 0 | L11: =IFERROR(K11/J11,) -> 0
A12: 这是什么品种的花卉？ | B12: 回答 | C12: 45773 | D12: 83 | E12: 37 | F12: 142 | G12: 190 | H12: =E12/D12 -> 0.44578313 | I12: =G12/F12 -> 1.3380282 | J12: =F12-IFERROR(VLOOKUP($A12,'0503'!$A$1:'0503'!G$48,6,FALSE),IFERROR(VLOOKUP($C12,'0503'!$C$1:'0503'!G$48,4,FALSE),F12-D12)) -> 4 | K12: =G12-IFERROR(VLOOKUP($A12,'0503'!$A$1:'0503'!H$44,7,FALSE),IFERROR(VLOOKUP($C12,'0503'!$C$1:'0503'!H$44,5,FALSE),G12-E12)) -> 0 | L12: =IFERROR(K12/J12,) -> 0
A13: 酸菜炖大骨头好吃的做法有哪些？ | B13: 回答 | C13: 45773 | D13: 142 | E13: 69 | F13: 223 | G13: 247 | H13: =E13/D13 -> 0.48591549 | I13: =G13/F13 -> 1.1076233 | J13: =F13-IFERROR(VLOOKUP($A13,'0503'!$A$1:'0503'!G$48,6,FALSE),IFERROR(VLOOKUP($C13,'0503'!$C$1:'0503'!G$48,4,FALSE),F13-D13)) -> 0 | K13: =G13-IFERROR(VLOOKUP($A13,'0503'!$A$1:'0503'!H$44,7,FALSE),IFERROR(VLOOKUP($C13,'0503'!$C$1:'0503'!H$44,5,FALSE),G13-E13)) -> 0 | L13: =IFERROR(K13/J13,) -> 0
A14: 两杯水中，一杯其中加盐鸡蛋会怎么样？ | B14: 回答 | C14: 45772 | D14: 117 | E14: 293 | F14: 198 | G14: 612 | H14: =E14/D14 -> 2.5042735 | I14: =G14/F14 -> 3.0909091 | J14: =F14-IFERROR(VLOOKUP($A14,'0503'!$A$1:'0503'!G$48,6,FALSE),IFERROR(VLOOKUP($C14,'0503'!$C$1:'0503'!G$48,4,FALSE),F14-D14)) -> 1 | K14: =G14-IFERROR(VLOOKUP($A14,'0503'!$A$1:'0503'!H$44,7,FALSE),IFERROR(VLOOKUP($C14,'0503'!$C$1:'0503'!H$44,5,FALSE),G14-E14)) -> 0 | L14: =IFERROR(K14/J14,) -> 0 | M14: 0430顶99,23,26,2,1
A15: 煎鱼总粘锅破皮是物理问题还是技术问题？家庭厨房如何彻底解决？ | B15: 回答 | C15: 45771 | D15: 67 | E15: 18 | F15: 189 | G15: 183 | H15: =E15/D15 -> 0.26865672 | I15: =G15/F15 -> 0.96825397 | J15: =F15-IFERROR(VLOOKUP($A15,'0503'!$A$1:'0503'!G$48,6,FALSE),IFERROR(VLOOKUP($C15,'0503'!$C$1:'0503'!G$48,4,FALSE),F15-D15)) -> 0 | K15: =G15-IFERROR(VLOOKUP($A15,'0503'!$A$1:'0503'!H$44,7,FALSE),IFERROR(VLOOKUP($C15,'0503'!$C$1:'0503'!H$44,5,FALSE),G15-E15)) -> 0 | L15: =IFERROR(K15/J15,) -> 0
A16: 蝴蝶兰花茎为啥这么粗壮？ | B16: 回答 | C16: 45771 | D16: 64 | E16: 12 | F16: 172 | G16: 121 | H16: =E16/D16 -> 0.1875 | I16: =G16/F16 -> 0.70348837 | J16: =F16-IFERROR(VLOOKUP($A16,'0503'!$A$1:'0503'!G$48,6,FALSE),IFERROR(VLOOKUP($C16,'0503'!$C$1:'0503'!G$48,4,FALSE),F16-D16)) -> 5 | K16: =G16-IFERROR(VLOOKUP($A16,'0503'!$A$1:'0503'!H$44,7,FALSE),IFERROR(VLOOKUP($C16,'0503'!$C$1:'0503'!H$44,5,FALSE),G16-E16)) -> 0 | L16: =IFERROR(K16/J16,) -> 0
A17: 血压高适合吃哪些食物？ | B17: 回答 | C17: 45770 | D17: 100 | E17: 240 | F17: 224 | G17: 685 | H17: =E17/D17 -> 2.4 | I17: =G17/F17 -> 3.0580357 | J17: =F17-IFERROR(VLOOKUP($A17,'0503'!$A$1:'0503'!G$48,6,FALSE),IFERROR(VLOOKUP($C17,'0503'!$C$1:'0503'!G$48,4,FALSE),F17-D17)) -> 6 | K17: =G17-IFERROR(VLOOKUP($A17,'0503'!$A$1:'0503'!H$44,7,FALSE),IFERROR(VLOOKUP($C17,'0503'!$C$1:'0503'!H$44,5,FALSE),G17-E17)) -> 0 | L17: =IFERROR(K17/J17,) -> 0 | M17: 0426顶98,26,40,3,1
A18: 这个长在植物上白色东西是甚么？会不会影响植物生长？ | B18: 回答 | C18: 45769 | D18: 13 | E18: 7 | F18: 145 | G18: 418 | H18: =E18/D18 -> 0.53846154 | I18: =G18/F18 -> 2.8827586 | J18: =F18-IFERROR(VLOOKUP($A18,'0503'!$A$1:'0503'!G$48,6,FALSE),IFERROR(VLOOKUP($C18,'0503'!$C$1:'0503'!G$48,4,FALSE),F18-D18)) -> 1 | K18: =G18-IFERROR(VLOOKUP($A18,'0503'!$A$1:'0503'!H$44,7,FALSE),IFERROR(VLOOKUP($C18,'0503'!$C$1:'0503'!H$44,5,FALSE),G18-E18)) -> 0 | L18: =IFERROR(K18/J18,) -> 0
A19: 同样的电饭煲煮饭，用不同的大米煮，加的水是一样的吗？ | B19: 回答 | C19: 45768 | D19: 10 | E19: 6 | F19: 216 | G19: 603 | H19: =E19/D19 -> 0.6 | I19: =G19/F19 -> 2.7916667 | J19: =F19-IFERROR(VLOOKUP($A19,'0503'!$A$1:'0503'!G$48,6,FALSE),IFERROR(VLOOKUP($C19,'0503'!$C$1:'0503'!G$48,4,FALSE),F19-D19)) -> 0 | K19: =G19-IFERROR(VLOOKUP($A19,'0503'!$A$1:'0503'!H$44,7,FALSE),IFERROR(VLOOKUP($C19,'0503'!$C$1:'0503'!H$44,5,FALSE),G19-E19)) -> 0 | L19: =IFERROR(K19/J19,) -> 0
A20: 为啥大中火煸油 没等油煸出来就糊了? | B20: 回答 | C20: 45765 | D20: 6 | E20: 6 | F20: 401 | G20: 452 | H20: =E20/D20 -> 1 | I20: =G20/F20 -> 1.127182 | J20: =F20-IFERROR(VLOOKUP($A20,'0503'!$A$1:'0503'!G$48,6,FALSE),IFERROR(VLOOKUP($C20,'0503'!$C$1:'0503'!G$48,4,FALSE),F20-D20)) -> 0 | K20: =G20-IFERROR(VLOOKUP($A20,'0503'!$A$1:'0503'!H$44,7,FALSE),IFERROR(VLOOKUP($C20,'0503'!$C$1:'0503'!H$44,5,FALSE),G20-E20)) -> 0 | L20: =IFERROR(K20/J20,) -> 0
A21: 一盘饺子姐姐吃剩7个妹妹吃剩9个两人都吃差4个饺子有几个? | B21: 回答 | C21: 45764 | D21: 15 | E21: 7 | F21: 164 | G21: 541 | H21: =E21/D21 -> 0.46666667 | I21: =G21/F21 -> 3.2987805 | J21: =F21-IFERROR(VLOOKUP($A21,'0503'!$A$1:'0503'!G$48,6,FALSE),IFERROR(VLOOKUP($C21,'0503'!$C$1:'0503'!G$48,4,FALSE),F21-D21)) -> 0 | K21: =G21-IFERROR(VLOOKUP($A21,'0503'!$A$1:'0503'!H$44,7,FALSE),IFERROR(VLOOKUP($C21,'0503'!$C$1:'0503'!H$44,5,FALSE),G21-E21)) -> 0 | L21: =IFERROR(K21/J21,) -> 0
A22: 大树被锯掉树冠还能发芽吗？ | B22: 回答 | C22: 45764 | D22: 57 | E22: 21 | F22: 364 | G22: 275 | H22: =E22/D22 -> 0.36842105 | I22: =G22/F22 -> 0.75549451 | J22: =F22-IFERROR(VLOOKUP($A22,'0503'!$A$1:'0503'!G$48,6,FALSE),IFERROR(VLOOKUP($C22,'0503'!$C$1:'0503'!G$48,4,FALSE),F22-D22)) -> 8 | K22: =G22-IFERROR(VLOOKUP($A22,'0503'!$A$1:'0503'!H$44,7,FALSE),IFERROR(VLOOKUP($C22,'0503'!$C$1:'0503'!H$44,5,FALSE),G22-E22)) -> 14 | L22: =IFERROR(K22/J22,) -> 1.75
A23: 少先队员种杨树和柳树共140棵，杨树比柳树多40棵，那么杨树种了多少棵，柳树种了多少棵。? | B23: 回答 | C23: 45763 | D23: 2 | E23: 4 | F23: 130 | G23: 198 | H23: =E23/D23 -> 2 | I23: =G23/F23 -> 1.5230769 | J23: =F23-IFERROR(VLOOKUP($A23,'0503'!$A$1:'0503'!G$48,6,FALSE),IFERROR(VLOOKUP($C23,'0503'!$C$1:'0503'!G$48,4,FALSE),F23-D23)) -> 0 | K23: =G23-IFERROR(VLOOKUP($A23,'0503'!$A$1:'0503'!H$44,7,FALSE),IFERROR(VLOOKUP($C23,'0503'!$C$1:'0503'!H$44,5,FALSE),G23-E23)) -> 0 | L23: =IFERROR(K23/J23,) -> 0 | M23: 0427收益期128，194
A24: 请问在食堂打饭时一两米饭指的是熟重一两还是生重一两? | B24: 回答 | C24: 45762 | D24: 9 | E24: 6 | F24: 600 | G24: 641 | H24: =E24/D24 -> 0.66666667 | I24: =G24/F24 -> 1.0683333 | J24: =F24-IFERROR(VLOOKUP($A24,'0503'!$A$1:'0503'!G$48,6,FALSE),IFERROR(VLOOKUP($C24,'0503'!$C$1:'0503'!G$48,4,FALSE),F24-D24)) -> 2 | K24: =G24-IFERROR(VLOOKUP($A24,'0503'!$A$1:'0503'!H$44,7,FALSE),IFERROR(VLOOKUP($C24,'0503'!$C$1:'0503'!H$44,5,FALSE),G24-E24)) -> 0 | L24: =IFERROR(K24/J24,) -> 0 | M24: 0428收益期593,635
A25: 做蒸饺时应该怎么和面呢？ | B25: 回答 | C25: 45761 | D25: 27 | E25: 12 | F25: 1056 | G25: 919 | H25: =E25/D25 -> 0.44444444 | I25: =G25/F25 -> 0.87026515 | J25: =F25-IFERROR(VLOOKUP($A25,'0503'!$A$1:'0503'!G$48,6,FALSE),IFERROR(VLOOKUP($C25,'0503'!$C$1:'0503'!G$48,4,FALSE),F25-D25)) -> 0 | K25: =G25-IFERROR(VLOOKUP($A25,'0503'!$A$1:'0503'!H$44,7,FALSE),IFERROR(VLOOKUP($C25,'0503'!$C$1:'0503'!H$44,5,FALSE),G25-E25)) -> 0 | L25: =IFERROR(K25/J25,) -> 0 | M25: 0426收益期1029,907
A26: 为什么我做的红烧肉总是不够软烂入味，有什么小窍门能让红烧肉达到入口即化的口感呢？ | B26: 回答 | C26: 45757 | D26: 10 | E26: 6 | F26: 626 | G26: 763 | H26: =E26/D26 -> 0.6 | I26: =G26/F26 -> 1.2188498 | J26: =F26-IFERROR(VLOOKUP($A26,'0503'!$A$1:'0503'!G$48,6,FALSE),IFERROR(VLOOKUP($C26,'0503'!$C$1:'0503'!G$48,4,FALSE),F26-D26)) -> 0 | K26: =G26-IFERROR(VLOOKUP($A26,'0503'!$A$1:'0503'!H$44,7,FALSE),IFERROR(VLOOKUP($C26,'0503'!$C$1:'0503'!H$44,5,FALSE),G26-E26)) -> 0 | L26: =IFERROR(K26/J26,) -> 0 | M26: 0425收益期613,757
A27: 家里吃剩的煮鸡蛋，可以用来做花肥吗？ | B27: 回答 | C27: 45751 | D27: 15 | E27: 8 | F27: 161 | G27: 266 | H27: =E27/D27 -> 0.53333333 | I27: =G27/F27 -> 1.6521739 | J27: =F27-IFERROR(VLOOKUP($A27,'0503'!$A$1:'0503'!G$48,6,FALSE),IFERROR(VLOOKUP($C27,'0503'!$C$1:'0503'!G$48,4,FALSE),F27-D27)) -> 15 | K27: =G27-IFERROR(VLOOKUP($A27,'0503'!$A$1:'0503'!H$44,7,FALSE),IFERROR(VLOOKUP($C27,'0503'!$C$1:'0503'!H$44,5,FALSE),G27-E27)) -> 8 | L27: =IFERROR(K27/J27,) -> 0.53333333 | M27: 0421收益期134,258
A28: 你们采摘过野外的桑葚么？或者采摘过什么野果野菜？口感怎么样？ | B28: 回答 | C28: 45750 | D28: 3 | E28: 12 | F28: 225 | G28: 542 | H28: =E28/D28 -> 4 | I28: =G28/F28 -> 2.4088889 | J28: =F28-IFERROR(VLOOKUP($A28,'0503'!$A$1:'0503'!G$48,6,FALSE),IFERROR(VLOOKUP($C28,'0503'!$C$1:'0503'!G$48,4,FALSE),F28-D28)) -> 0 | K28: =G28-IFERROR(VLOOKUP($A28,'0503'!$A$1:'0503'!H$44,7,FALSE),IFERROR(VLOOKUP($C28,'0503'!$C$1:'0503'!H$44,5,FALSE),G28-E28)) -> 0 | L28: =IFERROR(K28/J28,) -> 0 | M28: 0426收益期222,530
A29: 钟南山呼吁别再「无效节约」，别让剩饭剩菜伤了胃，剩菜剩饭有哪些危害？生活中还有哪些饮食健康易被忽视？ | B29: 回答 | C29: 45748 | D29: 45 | E29: 13 | F29: 224472 | G29: 10593 | H29: =E29/D29 -> 0.28888889 | I29: =G29/F29 -> 0.047190741 | J29: =F29-IFERROR(VLOOKUP($A29,'0503'!$A$1:'0503'!G$48,6,FALSE),IFERROR(VLOOKUP($C29,'0503'!$C$1:'0503'!G$48,4,FALSE),F29-D29)) -> 2 | K29: =G29-IFERROR(VLOOKUP($A29,'0503'!$A$1:'0503'!H$44,7,FALSE),IFERROR(VLOOKUP($C29,'0503'!$C$1:'0503'!H$44,5,FALSE),G29-E29)) -> 0 | L29: =IFERROR(K29/J29,) -> 0 | M29: 0407荐22.3万，784,296,399,48
A30: 谁能提供一个猪肉好吃又简单的做法？ | B30: 回答 | C30: 45743 | D30: 64 | E30: 15 | F30: 4897 | G30: 1991 | H30: =E30/D30 -> 0.234375 | I30: =G30/F30 -> 0.40657545 | J30: =F30-IFERROR(VLOOKUP($A30,'0503'!$A$1:'0503'!G$48,6,FALSE),IFERROR(VLOOKUP($C30,'0503'!$C$1:'0503'!G$48,4,FALSE),F30-D30)) -> 4 | K30: =G30-IFERROR(VLOOKUP($A30,'0503'!$A$1:'0503'!H$44,7,FALSE),IFERROR(VLOOKUP($C30,'0503'!$C$1:'0503'!H$44,5,FALSE),G30-E30)) -> 0 | L30: =IFERROR(K30/J30,) -> 0 | M30: 0425收益期4799,1976
A31: 牛肉水煮40分钟后，轻微炒2分钟，吃起来还是很硬很柴，问题出在哪里呢？ | B31: 回答 | C31: 45741 | D31: 111 | E31: 10 | F31: 1224 | G31: 687 | H31: =E31/D31 -> 0.09009009 | I31: =G31/F31 -> 0.56127451 | J31: =F31-IFERROR(VLOOKUP($A31,'0503'!$A$1:'0503'!G$48,6,FALSE),IFERROR(VLOOKUP($C31,'0503'!$C$1:'0503'!G$48,4,FALSE),F31-D31)) -> 11 | K31: =G31-IFERROR(VLOOKUP($A31,'0503'!$A$1:'0503'!H$44,7,FALSE),IFERROR(VLOOKUP($C31,'0503'!$C$1:'0503'!H$44,5,FALSE),G31-E31)) -> 0 | L31: =IFERROR(K31/J31,) -> 0 | M31: 0413收益期928，667
A32: 油炸食物很香，哪些蔬菜适合油炸且非常好吃？ | B32: 回答 | C32: 45719 | D32: 8 | E32: 10 | F32: 379 | G32: 657 | H32: =E32/D32 -> 1.25 | I32: =G32/F32 -> 1.7335092 | J32: =F32-IFERROR(VLOOKUP($A32,'0503'!$A$1:'0503'!G$48,6,FALSE),IFERROR(VLOOKUP($C32,'0503'!$C$1:'0503'!G$48,4,FALSE),F32-D32)) -> 0 | K32: =G32-IFERROR(VLOOKUP($A32,'0503'!$A$1:'0503'!H$44,7,FALSE),IFERROR(VLOOKUP($C32,'0503'!$C$1:'0503'!H$44,5,FALSE),G32-E32)) -> 0 | L32: =IFERROR(K32/J32,) -> 0 | M32: 0403收益期359,647
A33: 早餐吃什么最好？是牛奶还是面包？ | B33: 回答 | C33: 45713 | D33: 6 | E33: 31 | F33: 226 | G33: 589 | H33: =E33/D33 -> 5.1666667 | I33: =G33/F33 -> 2.6061947 | J33: =F33-IFERROR(VLOOKUP($A33,'0503'!$A$1:'0503'!G$48,6,FALSE),IFERROR(VLOOKUP($C33,'0503'!$C$1:'0503'!G$48,4,FALSE),F33-D33)) -> 1 | K33: =G33-IFERROR(VLOOKUP($A33,'0503'!$A$1:'0503'!H$44,7,FALSE),IFERROR(VLOOKUP($C33,'0503'!$C$1:'0503'!H$44,5,FALSE),G33-E33)) -> 0 | L33: =IFERROR(K33/J33,) -> 0 | M33: 0402收益期203,558
A34: 酥脆剂和泡打粉的区别有哪些？ | B34: 回答 | C34: 45691 | D34: 28 | E34: 5 | F34: 321 | G34: 36 | H34: =E34/D34 -> 0.17857143 | I34: =G34/F34 -> 0.11214953 | J34: =F34-IFERROR(VLOOKUP($A34,'0503'!$A$1:'0503'!G$48,6,FALSE),IFERROR(VLOOKUP($C34,'0503'!$C$1:'0503'!G$48,4,FALSE),F34-D34)) -> 0 | K34: =G34-IFERROR(VLOOKUP($A34,'0503'!$A$1:'0503'!H$44,7,FALSE),IFERROR(VLOOKUP($C34,'0503'!$C$1:'0503'!H$44,5,FALSE),G34-E34)) -> 0 | L34: =IFERROR(K34/J34,) -> 0 | M34: 0216收益期91,31
K35: =SUM(K2:K34) -> 339

Sheet 0505
A1: 内容 | B1: 内容类型 | C1: 内容发布时间 | D1: 本期阅读量 | E1: 本期收益 | F1: 累计阅读量 | G1: 累计收益 | J1: 新增浏览 | K1: 新增收益
A2: 有人见过路边这种果实么？ | B2: 回答 | C2: 45781 | D2: 73 | E2: 210 | F2: 73 | G2: 210 | H2: =E2/D2 -> 2.8767123 | I2: =G2/F2 -> 2.8767123 | J2: =F2-IFERROR(VLOOKUP($A2,'0504'!$A$1:'0504'!G$48,6,FALSE),IFERROR(VLOOKUP($C2,'0504'!$C$1:'0504'!G$48,4,FALSE),F2-D2)) -> 73 | K2: =G2-IFERROR(VLOOKUP($A2,'0504'!$A$1:'0504'!H$44,7,FALSE),IFERROR(VLOOKUP($C2,'0504'!$C$1:'0504'!H$44,5,FALSE),G2-E2)) -> 210 | L2: =IFERROR(K2/J2,) -> 2.8767123
A3: 明明白面是由小麦制成的，为什么很多老人80年代后才吃得起白面馒头？ | B3: 回答 | C3: 45780 | D3: 701 | E3: 404 | F3: 701 | G3: 404 | H3: =E3/D3 -> 0.57631954 | I3: =G3/F3 -> 0.57631954 | J3: =F3-IFERROR(VLOOKUP($A3,'0504'!$A$1:'0504'!G$48,6,FALSE),IFERROR(VLOOKUP($C3,'0504'!$C$1:'0504'!G$48,4,FALSE),F3-D3)) -> 193 | K3: =G3-IFERROR(VLOOKUP($A3,'0504'!$A$1:'0504'!H$44,7,FALSE),IFERROR(VLOOKUP($C3,'0504'!$C$1:'0504'!H$44,5,FALSE),G3-E3)) -> 155 | L3: =IFERROR(K3/J3,) -> 0.80310881
A4: 自己种的都忘了，请问这个是什么果树? | B4: 回答 | C4: 45779 | D4: 133 | E4: 139 | F4: 133 | G4: 139 | H4: =E4/D4 -> 1.0451128 | I4: =G4/F4 -> 1.0451128 | J4: =F4-IFERROR(VLOOKUP($A4,'0504'!$A$1:'0504'!G$48,6,FALSE),IFERROR(VLOOKUP($C4,'0504'!$C$1:'0504'!G$48,4,FALSE),F4-D4)) -> 16 | K4: =G4-IFERROR(VLOOKUP($A4,'0504'!$A$1:'0504'!H$44,7,FALSE),IFERROR(VLOOKUP($C4,'0504'!$C$1:'0504'!H$44,5,FALSE),G4-E4)) -> 25 | L4: =IFERROR(K4/J4,) -> 1.5625
A5: 前几天养了四只小鸡，一只死了。还剩三只鸡，其中的一只鸡又被其它两只小鸡把屁眼那块啄的血琳琳，啥原因？ | B5: 回答 | C5: 45778 | D5: 342 | E5: 154 | F5: 342 | G5: 154 | H5: =E5/D5 -> 0.4502924 | I5: =G5/F5 -> 0.4502924 | J5: =F5-IFERROR(VLOOKUP($A5,'0504'!$A$1:'0504'!G$48,6,FALSE),IFERROR(VLOOKUP($C5,'0504'!$C$1:'0504'!G$48,4,FALSE),F5-D5)) -> 6 | K5: =G5-IFERROR(VLOOKUP($A5,'0504'!$A$1:'0504'!H$44,7,FALSE),IFERROR(VLOOKUP($C5,'0504'!$C$1:'0504'!H$44,5,FALSE),G5-E5)) -> 14 | L5: =IFERROR(K5/J5,) -> 2.3333333
A6: 请问在不破坏树的情况下怎么把树皮腐蚀下来一点，不让大树压到房子? | B6: 回答 | C6: 45777 | D6: 209 | E6: 283 | F6: 209 | G6: 283 | H6: =E6/D6 -> 1.354067 | I6: =G6/F6 -> 1.354067 | J6: =F6-IFERROR(VLOOKUP($A6,'0504'!$A$1:'0504'!G$48,6,FALSE),IFERROR(VLOOKUP($C6,'0504'!$C$1:'0504'!G$48,4,FALSE),F6-D6)) -> 20 | K6: =G6-IFERROR(VLOOKUP($A6,'0504'!$A$1:'0504'!H$44,7,FALSE),IFERROR(VLOOKUP($C6,'0504'!$C$1:'0504'!H$44,5,FALSE),G6-E6)) -> 0 | L6: =IFERROR(K6/J6,) -> 0
A7: 香椿的功效与作用是什么呢？ | B7: 回答 | C7: 45777 | D7: 98 | E7: 318 | F7: 98 | G7: 318 | H7: =E7/D7 -> 3.244898 | I7: =G7/F7 -> 3.244898 | J7: =F7-IFERROR(VLOOKUP($A7,'0504'!$A$1:'0504'!G$48,6,FALSE),IFERROR(VLOOKUP($C7,'0504'!$C$1:'0504'!G$48,4,FALSE),F7-D7)) -> 6 | K7: =G7-IFERROR(VLOOKUP($A7,'0504'!$A$1:'0504'!H$44,7,FALSE),IFERROR(VLOOKUP($C7,'0504'!$C$1:'0504'!H$44,5,FALSE),G7-E7)) -> 58 | L7: =IFERROR(K7/J7,) -> 9.6666667 | M7: 0502顶78,26,10,4，2
A8: 人一天到底要吃多少，才不会太多也不会太少？ | B8: 回答 | C8: 45776 | D8: 606 | E8: 393 | F8: 606 | G8: 393 | H8: =E8/D8 -> 0.64851485 | I8: =G8/F8 -> 0.64851485 | J8: =F8-IFERROR(VLOOKUP($A8,'0504'!$A$1:'0504'!G$48,6,FALSE),IFERROR(VLOOKUP($C8,'0504'!$C$1:'0504'!G$48,4,FALSE),F8-D8)) -> 43 | K8: =G8-IFERROR(VLOOKUP($A8,'0504'!$A$1:'0504'!H$44,7,FALSE),IFERROR(VLOOKUP($C8,'0504'!$C$1:'0504'!H$44,5,FALSE),G8-E8)) -> 0 | L8: =IFERROR(K8/J8,) -> 0
A9: 同样的时间，为什么早上煮的菜晚上可以吃，但晚上煮的菜第二天早上就叫隔夜菜，吃了就不利于健康呢？ | B9: 回答 | C9: 45775 | D9: 239 | E9: 311 | F9: 239 | G9: 311 | H9: =E9/D9 -> 1.3012552 | I9: =G9/F9 -> 1.3012552 | J9: =F9-IFERROR(VLOOKUP($A9,'0504'!$A$1:'0504'!G$48,6,FALSE),IFERROR(VLOOKUP($C9,'0504'!$C$1:'0504'!G$48,4,FALSE),F9-D9)) -> 7 | K9: =G9-IFERROR(VLOOKUP($A9,'0504'!$A$1:'0504'!H$44,7,FALSE),IFERROR(VLOOKUP($C9,'0504'!$C$1:'0504'!H$44,5,FALSE),G9-E9)) -> 0 | L9: =IFERROR(K9/J9,) -> 0
A10: 能否告诉我这花团锦簇的是什么树？ | B10: 回答 | C10: 45775 | D10: 136 | E10: 304 | F10: 136 | G10: 304 | H10: =E10/D10 -> 2.2352941 | I10: =G10/F10 -> 2.2352941 | J10: =F10-IFERROR(VLOOKUP($A10,'0504'!$A$1:'0504'!G$48,6,FALSE),IFERROR(VLOOKUP($C10,'0504'!$C$1:'0504'!G$48,4,FALSE),F10-D10)) -> 0 | K10: =G10-IFERROR(VLOOKUP($A10,'0504'!$A$1:'0504'!H$44,7,FALSE),IFERROR(VLOOKUP($C10,'0504'!$C$1:'0504'!H$44,5,FALSE),G10-E10)) -> 0 | L10: =IFERROR(K10/J10,) -> 0
A11: 医生说少油少盐，不可抗拒的原因一直在吃食堂，是不是少吃点多喝汤就达到上述要求？ | B11: 回答 | C11: 45774 | D11: 48 | E11: 98 | F11: 140 | G11: 216 | H11: =E11/D11 -> 2.0416667 | I11: =G11/F11 -> 1.5428571 | J11: =F11-IFERROR(VLOOKUP($A11,'0504'!$A$1:'0504'!G$48,6,FALSE),IFERROR(VLOOKUP($C11,'0504'!$C$1:'0504'!G$48,4,FALSE),F11-D11)) -> 0 | K11: =G11-IFERROR(VLOOKUP($A11,'0504'!$A$1:'0504'!H$44,7,FALSE),IFERROR(VLOOKUP($C11,'0504'!$C$1:'0504'!H$44,5,FALSE),G11-E11)) -> 0 | L11: =IFERROR(K11/J11,) -> 0
A12: 有人说一周吃四个鸡蛋就够了，有人说每天一个鸡蛋最好，到底哪种说法更合适？ | B12: 回答 | C12: 45774 | D12: 267 | E12: 248 | F12: 396 | G12: 371 | H12: =E12/D12 -> 0.92883895 | I12: =G12/F12 -> 0.93686869 | J12: =F12-IFERROR(VLOOKUP($A12,'0504'!$A$1:'0504'!G$48,6,FALSE),IFERROR(VLOOKUP($C12,'0504'!$C$1:'0504'!G$48,4,FALSE),F12-D12)) -> 6 | K12: =G12-IFERROR(VLOOKUP($A12,'0504'!$A$1:'0504'!H$44,7,FALSE),IFERROR(VLOOKUP($C12,'0504'!$C$1:'0504'!H$44,5,FALSE),G12-E12)) -> 4 | L12: =IFERROR(K12/J12,) -> 0.66666667
A13: 这是什么品种的花卉？ | B13: 回答 | C13: 45773 | D13: 43 | E13: 20 | F13: 142 | G13: 190 | H13: =E13/D13 -> 0.46511628 | I13: =G13/F13 -> 1.3380282 | J13: =F13-IFERROR(VLOOKUP($A13,'0504'!$A$1:'0504'!G$48,6,FALSE),IFERROR(VLOOKUP($C13,'0504'!$C$1:'0504'!G$48,4,FALSE),F13-D13)) -> 0 | K13: =G13-IFERROR(VLOOKUP($A13,'0504'!$A$1:'0504'!H$44,7,FALSE),IFERROR(VLOOKUP($C13,'0504'!$C$1:'0504'!H$44,5,FALSE),G13-E13)) -> 0 | L13: =IFERROR(K13/J13,) -> 0
A14: 酸菜炖大骨头好吃的做法有哪些？ | B14: 回答 | C14: 45773 | D14: 41 | E14: 18 | F14: 225 | G14: 247 | H14: =E14/D14 -> 0.43902439 | I14: =G14/F14 -> 1.0977778 | J14: =F14-IFERROR(VLOOKUP($A14,'0504'!$A$1:'0504'!G$48,6,FALSE),IFERROR(VLOOKUP($C14,'0504'!$C$1:'0504'!G$48,4,FALSE),F14-D14)) -> 2 | K14: =G14-IFERROR(VLOOKUP($A14,'0504'!$A$1:'0504'!H$44,7,FALSE),IFERROR(VLOOKUP($C14,'0504'!$C$1:'0504'!H$44,5,FALSE),G14-E14)) -> 0 | L14: =IFERROR(K14/J14,) -> 0
A15: 两杯水中，一杯其中加盐鸡蛋会怎么样？ | B15: 回答 | C15: 45772 | D15: 108 | E15: 286 | F15: 198 | G15: 612 | H15: =E15/D15 -> 2.6481481 | I15: =G15/F15 -> 3.0909091 | J15: =F15-IFERROR(VLOOKUP($A15,'0504'!$A$1:'0504'!G$48,6,FALSE),IFERROR(VLOOKUP($C15,'0504'!$C$1:'0504'!G$48,4,FALSE),F15-D15)) -> 0 | K15: =G15-IFERROR(VLOOKUP($A15,'0504'!$A$1:'0504'!H$44,7,FALSE),IFERROR(VLOOKUP($C15,'0504'!$C$1:'0504'!H$44,5,FALSE),G15-E15)) -> 0 | L15: =IFERROR(K15/J15,) -> 0 | M15: 0430顶99,23,26,2,1
A16: 煎鱼总粘锅破皮是物理问题还是技术问题？家庭厨房如何彻底解决？ | B16: 回答 | C16: 45771 | D16: 39 | E16: 18 | F16: 191 | G16: 183 | H16: =E16/D16 -> 0.46153846 | I16: =G16/F16 -> 0.95811518 | J16: =F16-IFERROR(VLOOKUP($A16,'0504'!$A$1:'0504'!G$48,6,FALSE),IFERROR(VLOOKUP($C16,'0504'!$C$1:'0504'!G$48,4,FALSE),F16-D16)) -> 2 | K16: =G16-IFERROR(VLOOKUP($A16,'0504'!$A$1:'0504'!H$44,7,FALSE),IFERROR(VLOOKUP($C16,'0504'!$C$1:'0504'!H$44,5,FALSE),G16-E16)) -> 0 | L16: =IFERROR(K16/J16,) -> 0
A17: 蝴蝶兰花茎为啥这么粗壮？ | B17: 回答 | C17: 45771 | D17: 46 | E17: 12 | F17: 173 | G17: 125 | H17: =E17/D17 -> 0.26086957 | I17: =G17/F17 -> 0.72254335 | J17: =F17-IFERROR(VLOOKUP($A17,'0504'!$A$1:'0504'!G$48,6,FALSE),IFERROR(VLOOKUP($C17,'0504'!$C$1:'0504'!G$48,4,FALSE),F17-D17)) -> 1 | K17: =G17-IFERROR(VLOOKUP($A17,'0504'!$A$1:'0504'!H$44,7,FALSE),IFERROR(VLOOKUP($C17,'0504'!$C$1:'0504'!H$44,5,FALSE),G17-E17)) -> 4 | L17: =IFERROR(K17/J17,) -> 4
A18: 血压高适合吃哪些食物？ | B18: 回答 | C18: 45770 | D18: 75 | E18: 163 | F18: 225 | G18: 685 | H18: =E18/D18 -> 2.1733333 | I18: =G18/F18 -> 3.0444444 | J18: =F18-IFERROR(VLOOKUP($A18,'0504'!$A$1:'0504'!G$48,6,FALSE),IFERROR(VLOOKUP($C18,'0504'!$C$1:'0504'!G$48,4,FALSE),F18-D18)) -> 1 | K18: =G18-IFERROR(VLOOKUP($A18,'0504'!$A$1:'0504'!H$44,7,FALSE),IFERROR(VLOOKUP($C18,'0504'!$C$1:'0504'!H$44,5,FALSE),G18-E18)) -> 0 | L18: =IFERROR(K18/J18,) -> 0 | M18: 0426顶98,26,40,3,1
A19: 同样的电饭煲煮饭，用不同的大米煮，加的水是一样的吗？ | B19: 回答 | C19: 45768 | D19: 6 | E19: 6 | F19: 216 | G19: 603 | H19: =E19/D19 -> 1 | I19: =G19/F19 -> 2.7916667 | J19: =F19-IFERROR(VLOOKUP($A19,'0504'!$A$1:'0504'!G$48,6,FALSE),IFERROR(VLOOKUP($C19,'0504'!$C$1:'0504'!G$48,4,FALSE),F19-D19)) -> 0 | K19: =G19-IFERROR(VLOOKUP($A19,'0504'!$A$1:'0504'!H$44,7,FALSE),IFERROR(VLOOKUP($C19,'0504'!$C$1:'0504'!H$44,5,FALSE),G19-E19)) -> 0 | L19: =IFERROR(K19/J19,) -> 0
A20: 为啥大中火煸油 没等油煸出来就糊了? | B20: 回答 | C20: 45765 | D20: 4 | E20: 6 | F20: 401 | G20: 452 | H20: =E20/D20 -> 1.5 | I20: =G20/F20 -> 1.127182 | J20: =F20-IFERROR(VLOOKUP($A20,'0504'!$A$1:'0504'!G$48,6,FALSE),IFERROR(VLOOKUP($C20,'0504'!$C$1:'0504'!G$48,4,FALSE),F20-D20)) -> 0 | K20: =G20-IFERROR(VLOOKUP($A20,'0504'!$A$1:'0504'!H$44,7,FALSE),IFERROR(VLOOKUP($C20,'0504'!$C$1:'0504'!H$44,5,FALSE),G20-E20)) -> 0 | L20: =IFERROR(K20/J20,) -> 0
A21: 一盘饺子姐姐吃剩7个妹妹吃剩9个两人都吃差4个饺子有几个? | B21: 回答 | C21: 45764 | D21: 13 | E21: 7 | F21: 165 | G21: 541 | H21: =E21/D21 -> 0.53846154 | I21: =G21/F21 -> 3.2787879 | J21: =F21-IFERROR(VLOOKUP($A21,'0504'!$A$1:'0504'!G$48,6,FALSE),IFERROR(VLOOKUP($C21,'0504'!$C$1:'0504'!G$48,4,FALSE),F21-D21)) -> 1 | K21: =G21-IFERROR(VLOOKUP($A21,'0504'!$A$1:'0504'!H$44,7,FALSE),IFERROR(VLOOKUP($C21,'0504'!$C$1:'0504'!H$44,5,FALSE),G21-E21)) -> 0 | L21: =IFERROR(K21/J21,) -> 0
A22: 大树被锯掉树冠还能发芽吗？ | B22: 回答 | C22: 45764 | D22: 58 | E22: 21 | F22: 372 | G22: 275 | H22: =E22/D22 -> 0.36206897 | I22: =G22/F22 -> 0.73924731 | J22: =F22-IFERROR(VLOOKUP($A22,'0504'!$A$1:'0504'!G$48,6,FALSE),IFERROR(VLOOKUP($C22,'0504'!$C$1:'0504'!G$48,4,FALSE),F22-D22)) -> 8 | K22: =G22-IFERROR(VLOOKUP($A22,'0504'!$A$1:'0504'!H$44,7,FALSE),IFERROR(VLOOKUP($C22,'0504'!$C$1:'0504'!H$44,5,FALSE),G22-E22)) -> 0 | L22: =IFERROR(K22/J22,) -> 0
A23: 少先队员种杨树和柳树共140棵，杨树比柳树多40棵，那么杨树种了多少棵，柳树种了多少棵。? | B23: 回答 | C23: 45763 | D23: 2 | E23: 4 | F23: 130 | G23: 198 | H23: =E23/D23 -> 2 | I23: =G23/F23 -> 1.5230769 | J23: =F23-IFERROR(VLOOKUP($A23,'0504'!$A$1:'0504'!G$48,6,FALSE),IFERROR(VLOOKUP($C23,'0504'!$C$1:'0504'!G$48,4,FALSE),F23-D23)) -> 0 | K23: =G23-IFERROR(VLOOKUP($A23,'0504'!$A$1:'0504'!H$44,7,FALSE),IFERROR(VLOOKUP($C23,'0504'!$C$1:'0504'!H$44,5,FALSE),G23-E23)) -> 0 | L23: =IFERROR(K23/J23,) -> 0 | M23: 0427收益期128，194
A24: 请问在食堂打饭时一两米饭指的是熟重一两还是生重一两? | B24: 回答 | C24: 45762 | D24: 10 | E24: 6 | F24: 603 | G24: 641 | H24: =E24/D24 -> 0.6 | I24: =G24/F24 -> 1.0630182 | J24: =F24-IFERROR(VLOOKUP($A24,'0504'!$A$1:'0504'!G$48,6,FALSE),IFERROR(VLOOKUP($C24,'0504'!$C$1:'0504'!G$48,4,FALSE),F24-D24)) -> 3 | K24: =G24-IFERROR(VLOOKUP($A24,'0504'!$A$1:'0504'!H$44,7,FALSE),IFERROR(VLOOKUP($C24,'0504'!$C$1:'0504'!H$44,5,FALSE),G24-E24)) -> 0 | L24: =IFERROR(K24/J24,) -> 0 | M24: 0428收益期593,635
A25: 做蒸饺时应该怎么和面呢？ | B25: 回答 | C25: 45761 | D25: 25 | E25: 12 | F25: 1057 | G25: 919 | H25: =E25/D25 -> 0.48 | I25: =G25/F25 -> 0.86944182 | J25: =F25-IFERROR(VLOOKUP($A25,'0504'!$A$1:'0504'!G$48,6,FALSE),IFERROR(VLOOKUP($C25,'0504'!$C$1:'0504'!G$48,4,FALSE),F25-D25)) -> 1 | K25: =G25-IFERROR(VLOOKUP($A25,'0504'!$A$1:'0504'!H$44,7,FALSE),IFERROR(VLOOKUP($C25,'0504'!$C$1:'0504'!H$44,5,FALSE),G25-E25)) -> 0 | L25: =IFERROR(K25/J25,) -> 0 | M25: 0426收益期1029,907
A26: 为什么我做的红烧肉总是不够软烂入味，有什么小窍门能让红烧肉达到入口即化的口感呢？ | B26: 回答 | C26: 45757 | D26: 13 | E26: 6 | F26: 631 | G26: 763 | H26: =E26/D26 -> 0.46153846 | I26: =G26/F26 -> 1.2091918 | J26: =F26-IFERROR(VLOOKUP($A26,'0504'!$A$1:'0504'!G$48,6,FALSE),IFERROR(VLOOKUP($C26,'0504'!$C$1:'0504'!G$48,4,FALSE),F26-D26)) -> 5 | K26: =G26-IFERROR(VLOOKUP($A26,'0504'!$A$1:'0504'!H$44,7,FALSE),IFERROR(VLOOKUP($C26,'0504'!$C$1:'0504'!H$44,5,FALSE),G26-E26)) -> 0 | L26: =IFERROR(K26/J26,) -> 0 | M26: 0425收益期613,757
A27: 茄子除了炒着吃以外，还有什么其他比较健康的烹饪方法？ | B27: 回答 | C27: 45755 | D27: 10 | E27: 6 | F27: 440 | G27: 511 | H27: =E27/D27 -> 0.6 | I27: =G27/F27 -> 1.1613636 | J27: =F27-IFERROR(VLOOKUP($A27,'0504'!$A$1:'0504'!G$48,6,FALSE),IFERROR(VLOOKUP($C27,'0504'!$C$1:'0504'!G$48,4,FALSE),F27-D27)) -> 10 | K27: =G27-IFERROR(VLOOKUP($A27,'0504'!$A$1:'0504'!H$44,7,FALSE),IFERROR(VLOOKUP($C27,'0504'!$C$1:'0504'!H$44,5,FALSE),G27-E27)) -> 6 | L27: =IFERROR(K27/J27,) -> 0.6 | M27: 0428收益期430,505
A28: 家里吃剩的煮鸡蛋，可以用来做花肥吗？ | B28: 回答 | C28: 45751 | D28: 17 | E28: 8 | F28: 165 | G28: 266 | H28: =E28/D28 -> 0.47058824 | I28: =G28/F28 -> 1.6121212 | J28: =F28-IFERROR(VLOOKUP($A28,'0504'!$A$1:'0504'!G$48,6,FALSE),IFERROR(VLOOKUP($C28,'0504'!$C$1:'0504'!G$48,4,FALSE),F28-D28)) -> 4 | K28: =G28-IFERROR(VLOOKUP($A28,'0504'!$A$1:'0504'!H$44,7,FALSE),IFERROR(VLOOKUP($C28,'0504'!$C$1:'0504'!H$44,5,FALSE),G28-E28)) -> 0 | L28: =IFERROR(K28/J28,) -> 0 | M28: 0421收益期134,258
A29: 你们采摘过野外的桑葚么？或者采摘过什么野果野菜？口感怎么样？ | B29: 回答 | C29: 45750 | D29: 7 | E29: 12 | F29: 229 | G29: 542 | H29: =E29/D29 -> 1.7142857 | I29: =G29/F29 -> 2.3668122 | J29: =F29-IFERROR(VLOOKUP($A29,'0504'!$A$1:'0504'!G$48,6,FALSE),IFERROR(VLOOKUP($C29,'0504'!$C$1:'0504'!G$48,4,FALSE),F29-D29)) -> 4 | K29: =G29-IFERROR(VLOOKUP($A29,'0504'!$A$1:'0504'!H$44,7,FALSE),IFERROR(VLOOKUP($C29,'0504'!$C$1:'0504'!H$44,5,FALSE),G29-E29)) -> 0 | L29: =IFERROR(K29/J29,) -> 0 | M29: 0426收益期222,530
A30: 谁能提供一个猪肉好吃又简单的做法？ | B30: 回答 | C30: 45743 | D30: 66 | E30: 20 | F30: 4912 | G30: 1996 | H30: =E30/D30 -> 0.3030303 | I30: =G30/F30 -> 0.40635179 | J30: =F30-IFERROR(VLOOKUP($A30,'0504'!$A$1:'0504'!G$48,6,FALSE),IFERROR(VLOOKUP($C30,'0504'!$C$1:'0504'!G$48,4,FALSE),F30-D30)) -> 15 | K30: =G30-IFERROR(VLOOKUP($A30,'0504'!$A$1:'0504'!H$44,7,FALSE),IFERROR(VLOOKUP($C30,'0504'!$C$1:'0504'!H$44,5,FALSE),G30-E30)) -> 5 | L30: =IFERROR(K30/J30,) -> 0.33333333 | M30: 0425收益期4799,1976
A31: 牛肉水煮40分钟后，轻微炒2分钟，吃起来还是很硬很柴，问题出在哪里呢？ | B31: 回答 | C31: 45741 | D31: 87 | E31: 10 | F31: 1237 | G31: 687 | H31: =E31/D31 -> 0.11494253 | I31: =G31/F31 -> 0.55537591 | J31: =F31-IFERROR(VLOOKUP($A31,'0504'!$A$1:'0504'!G$48,6,FALSE),IFERROR(VLOOKUP($C31,'0504'!$C$1:'0504'!G$48,4,FALSE),F31-D31)) -> 13 | K31: =G31-IFERROR(VLOOKUP($A31,'0504'!$A$1:'0504'!H$44,7,FALSE),IFERROR(VLOOKUP($C31,'0504'!$C$1:'0504'!H$44,5,FALSE),G31-E31)) -> 0 | L31: =IFERROR(K31/J31,) -> 0 | M31: 0413收益期928，667
A32: 长期不吃早餐真的会得胆结石吗？还是危言耸听？ | B32: 回答 | C32: 45720 | D32: 17 | E32: 3 | F32: 372 | G32: 275 | H32: =E32/D32 -> 0.17647059 | I32: =G32/F32 -> 0.73924731 | J32: =F32-IFERROR(VLOOKUP($A32,'0504'!$A$1:'0504'!G$48,6,FALSE),IFERROR(VLOOKUP($C32,'0504'!$C$1:'0504'!G$48,4,FALSE),F32-D32)) -> 17 | K32: =G32-IFERROR(VLOOKUP($A32,'0504'!$A$1:'0504'!H$44,7,FALSE),IFERROR(VLOOKUP($C32,'0504'!$C$1:'0504'!H$44,5,FALSE),G32-E32)) -> 3 | L32: =IFERROR(K32/J32,) -> 0.17647059 | M32: 0406收益期290,272
A33: 油炸食物很香，哪些蔬菜适合油炸且非常好吃？ | B33: 回答 | C33: 45719 | D33: 7 | E33: 10 | F33: 380 | G33: 657 | H33: =E33/D33 -> 1.4285714 | I33: =G33/F33 -> 1.7289474 | J33: =F33-IFERROR(VLOOKUP($A33,'0504'!$A$1:'0504'!G$48,6,FALSE),IFERROR(VLOOKUP($C33,'0504'!$C$1:'0504'!G$48,4,FALSE),F33-D33)) -> 1 | K33: =G33-IFERROR(VLOOKUP($A33,'0504'!$A$1:'0504'!H$44,7,FALSE),IFERROR(VLOOKUP($C33,'0504'!$C$1:'0504'!H$44,5,FALSE),G33-E33)) -> 0 | L33: =IFERROR(K33/J33,) -> 0 | M33: 0403收益期359,647
A34: 早餐吃什么最好？是牛奶还是面包？ | B34: 回答 | C34: 45713 | D34: 6 | E34: 31 | F34: 226 | G34: 589 | H34: =E34/D34 -> 5.1666667 | I34: =G34/F34 -> 2.6061947 | J34: =F34-IFERROR(VLOOKUP($A34,'0504'!$A$1:'0504'!G$48,6,FALSE),IFERROR(VLOOKUP($C34,'0504'!$C$1:'0504'!G$48,4,FALSE),F34-D34)) -> 0 | K34: =G34-IFERROR(VLOOKUP($A34,'0504'!$A$1:'0504'!H$44,7,FALSE),IFERROR(VLOOKUP($C34,'0504'!$C$1:'0504'!H$44,5,FALSE),G34-E34)) -> 0 | L34: =IFERROR(K34/J34,) -> 0 | M34: 0402收益期203,558
A35: 酥脆剂和泡打粉的区别有哪些？ | B35: 回答 | C35: 45691 | D35: 18 | E35: 5 | F35: 321 | G35: 36 | H35: =E35/D35 -> 0.27777778 | I35: =G35/F35 -> 0.11214953 | J35: =F35-IFERROR(VLOOKUP($A35,'0504'!$A$1:'0504'!G$48,6,FALSE),IFERROR(VLOOKUP($C35,'0504'!$C$1:'0504'!G$48,4,FALSE),F35-D35)) -> 0 | K35: =G35-IFERROR(VLOOKUP($A35,'0504'!$A$1:'0504'!H$44,7,FALSE),IFERROR(VLOOKUP($C35,'0504'!$C$1:'0504'!H$44,5,FALSE),G35-E35)) -> 0 | L35: =IFERROR(K35/J35,) -> 0 | M35: 0216收益期91,31
K36: =SUM(K2:K35) -> 484

Sheet 0506
A1: 内容 | B1: 内容类型 | C1: 内容发布时间 | D1: 本期阅读量 | E1: 本期收益 | F1: 累计阅读量 | G1: 累计收益 | J1: 新增浏览 | K1: 新增收益
A2: 为什么草莓不容易活？ | B2: 回答 | C2: 45782 | D2: 107 | E2: 149 | F2: 107 | G2: 149 | H2: =E2/D2 -> 1.3925234 | I2: =G2/F2 -> 1.3925234 | J2: =F2-IFERROR(VLOOKUP($A2,'0505'!$A$1:'0505'!G$48,6,FALSE),IFERROR(VLOOKUP($C2,'0505'!$C$1:'0505'!G$48,4,FALSE),F2-D2)) -> 107 | K2: =G2-IFERROR(VLOOKUP($A2,'0505'!$A$1:'0505'!H$44,7,FALSE),IFERROR(VLOOKUP($C2,'0505'!$C$1:'0505'!H$44,5,FALSE),G2-E2)) -> 149 | L2: =IFERROR(K2/J2,) -> 1.3925234
A3: 有人见过路边这种果实么？ | B3: 回答 | C3: 45781 | D3: 109 | E3: 462 | F3: 109 | G3: 462 | H3: =E3/D3 -> 4.2385321 | I3: =G3/F3 -> 4.2385321 | J3: =F3-IFERROR(VLOOKUP($A3,'0505'!$A$1:'0505'!G$48,6,FALSE),IFERROR(VLOOKUP($C3,'0505'!$C$1:'0505'!G$48,4,FALSE),F3-D3)) -> 36 | K3: =G3-IFERROR(VLOOKUP($A3,'0505'!$A$1:'0505'!H$44,7,FALSE),IFERROR(VLOOKUP($C3,'0505'!$C$1:'0505'!H$44,5,FALSE),G3-E3)) -> 252 | L3: =IFERROR(K3/J3,) -> 7
A4: 明明白面是由小麦制成的，为什么很多老人80年代后才吃得起白面馒头？ | B4: 回答 | C4: 45780 | D4: 967 | E4: 488 | F4: 967 | G4: 488 | H4: =E4/D4 -> 0.50465357 | I4: =G4/F4 -> 0.50465357 | J4: =F4-IFERROR(VLOOKUP($A4,'0505'!$A$1:'0505'!G$48,6,FALSE),IFERROR(VLOOKUP($C4,'0505'!$C$1:'0505'!G$48,4,FALSE),F4-D4)) -> 266 | K4: =G4-IFERROR(VLOOKUP($A4,'0505'!$A$1:'0505'!H$44,7,FALSE),IFERROR(VLOOKUP($C4,'0505'!$C$1:'0505'!H$44,5,FALSE),G4-E4)) -> 84 | L4: =IFERROR(K4/J4,) -> 0.31578947
A5: 自己种的都忘了，请问这个是什么果树? | B5: 回答 | C5: 45779 | D5: 147 | E5: 139 | F5: 147 | G5: 139 | H5: =E5/D5 -> 0.94557823 | I5: =G5/F5 -> 0.94557823 | J5: =F5-IFERROR(VLOOKUP($A5,'0505'!$A$1:'0505'!G$48,6,FALSE),IFERROR(VLOOKUP($C5,'0505'!$C$1:'0505'!G$48,4,FALSE),F5-D5)) -> 14 | K5: =G5-IFERROR(VLOOKUP($A5,'0505'!$A$1:'0505'!H$44,7,FALSE),IFERROR(VLOOKUP($C5,'0505'!$C$1:'0505'!H$44,5,FALSE),G5-E5)) -> 0 | L5: =IFERROR(K5/J5,) -> 0
A6: 前几天养了四只小鸡，一只死了。还剩三只鸡，其中的一只鸡又被其它两只小鸡把屁眼那块啄的血琳琳，啥原因？ | B6: 回答 | C6: 45778 | D6: 349 | E6: 154 | F6: 349 | G6: 154 | H6: =E6/D6 -> 0.44126074 | I6: =G6/F6 -> 0.44126074 | J6: =F6-IFERROR(VLOOKUP($A6,'0505'!$A$1:'0505'!G$48,6,FALSE),IFERROR(VLOOKUP($C6,'0505'!$C$1:'0505'!G$48,4,FALSE),F6-D6)) -> 7 | K6: =G6-IFERROR(VLOOKUP($A6,'0505'!$A$1:'0505'!H$44,7,FALSE),IFERROR(VLOOKUP($C6,'0505'!$C$1:'0505'!H$44,5,FALSE),G6-E6)) -> 0 | L6: =IFERROR(K6/J6,) -> 0
A7: 请问在不破坏树的情况下怎么把树皮腐蚀下来一点，不让大树压到房子? | B7: 回答 | C7: 45777 | D7: 214 | E7: 290 | F7: 214 | G7: 290 | H7: =E7/D7 -> 1.3551402 | I7: =G7/F7 -> 1.3551402 | J7: =F7-IFERROR(VLOOKUP($A7,'0505'!$A$1:'0505'!G$48,6,FALSE),IFERROR(VLOOKUP($C7,'0505'!$C$1:'0505'!G$48,4,FALSE),F7-D7)) -> 5 | K7: =G7-IFERROR(VLOOKUP($A7,'0505'!$A$1:'0505'!H$44,7,FALSE),IFERROR(VLOOKUP($C7,'0505'!$C$1:'0505'!H$44,5,FALSE),G7-E7)) -> 7 | L7: =IFERROR(K7/J7,) -> 1.4
A8: 香椿的功效与作用是什么呢？ | B8: 回答 | C8: 45777 | D8: 119 | E8: 512 | F8: 119 | G8: 512 | H8: =E8/D8 -> 4.302521 | I8: =G8/F8 -> 4.302521 | J8: =F8-IFERROR(VLOOKUP($A8,'0505'!$A$1:'0505'!G$48,6,FALSE),IFERROR(VLOOKUP($C8,'0505'!$C$1:'0505'!G$48,4,FALSE),F8-D8)) -> 21 | K8: =G8-IFERROR(VLOOKUP($A8,'0505'!$A$1:'0505'!H$44,7,FALSE),IFERROR(VLOOKUP($C8,'0505'!$C$1:'0505'!H$44,5,FALSE),G8-E8)) -> 194 | L8: =IFERROR(K8/J8,) -> 9.2380952 | M8: 0502顶78,26,10,4，2
A9: 人一天到底要吃多少，才不会太多也不会太少？ | B9: 回答 | C9: 45776 | D9: 619 | E9: 393 | F9: 619 | G9: 393 | H9: =E9/D9 -> 0.63489499 | I9: =G9/F9 -> 0.63489499 | J9: =F9-IFERROR(VLOOKUP($A9,'0505'!$A$1:'0505'!G$48,6,FALSE),IFERROR(VLOOKUP($C9,'0505'!$C$1:'0505'!G$48,4,FALSE),F9-D9)) -> 13 | K9: =G9-IFERROR(VLOOKUP($A9,'0505'!$A$1:'0505'!H$44,7,FALSE),IFERROR(VLOOKUP($C9,'0505'!$C$1:'0505'!H$44,5,FALSE),G9-E9)) -> 0 | L9: =IFERROR(K9/J9,) -> 0
A10: 同样的时间，为什么早上煮的菜晚上可以吃，但晚上煮的菜第二天早上就叫隔夜菜，吃了就不利于健康呢？ | B10: 回答 | C10: 45775 | D10: 122 | E10: 197 | F10: 240 | G10: 311 | H10: =E10/D10 -> 1.6147541 | I10: =G10/F10 -> 1.2958333 | J10: =F10-IFERROR(VLOOKUP($A10,'0505'!$A$1:'0505'!G$48,6,FALSE),IFERROR(VLOOKUP($C10,'0505'!$C$1:'0505'!G$48,4,FALSE),F10-D10)) -> 1 | K10: =G10-IFERROR(VLOOKUP($A10,'0505'!$A$1:'0505'!H$44,7,FALSE),IFERROR(VLOOKUP($C10,'0505'!$C$1:'0505'!H$44,5,FALSE),G10-E10)) -> 0 | L10: =IFERROR(K10/J10,) -> 0
A11: 能否告诉我这花团锦簇的是什么树？ | B11: 回答 | C11: 45775 | D11: 45 | E11: 49 | F11: 136 | G11: 304 | H11: =E11/D11 -> 1.0888889 | I11: =G11/F11 -> 2.2352941 | J11: =F11-IFERROR(VLOOKUP($A11,'0505'!$A$1:'0505'!G$48,6,FALSE),IFERROR(VLOOKUP($C11,'0505'!$C$1:'0505'!G$48,4,FALSE),F11-D11)) -> 0 | K11: =G11-IFERROR(VLOOKUP($A11,'0505'!$A$1:'0505'!H$44,7,FALSE),IFERROR(VLOOKUP($C11,'0505'!$C$1:'0505'!H$44,5,FALSE),G11-E11)) -> 0 | L11: =IFERROR(K11/J11,) -> 0
A12: 医生说少油少盐，不可抗拒的原因一直在吃食堂，是不是少吃点多喝汤就达到上述要求？ | B12: 回答 | C12: 45774 | D12: 18 | E12: 12 | F12: 140 | G12: 216 | H12: =E12/D12 -> 0.66666667 | I12: =G12/F12 -> 1.5428571 | J12: =F12-IFERROR(VLOOKUP($A12,'0505'!$A$1:'0505'!G$48,6,FALSE),IFERROR(VLOOKUP($C12,'0505'!$C$1:'0505'!G$48,4,FALSE),F12-D12)) -> 0 | K12: =G12-IFERROR(VLOOKUP($A12,'0505'!$A$1:'0505'!H$44,7,FALSE),IFERROR(VLOOKUP($C12,'0505'!$C$1:'0505'!H$44,5,FALSE),G12-E12)) -> 0 | L12: =IFERROR(K12/J12,) -> 0
A13: 有人说一周吃四个鸡蛋就够了，有人说每天一个鸡蛋最好，到底哪种说法更合适？ | B13: 回答 | C13: 45774 | D13: 94 | E13: 162 | F13: 404 | G13: 371 | H13: =E13/D13 -> 1.7234043 | I13: =G13/F13 -> 0.91831683 | J13: =F13-IFERROR(VLOOKUP($A13,'0505'!$A$1:'0505'!G$48,6,FALSE),IFERROR(VLOOKUP($C13,'0505'!$C$1:'0505'!G$48,4,FALSE),F13-D13)) -> 8 | K13: =G13-IFERROR(VLOOKUP($A13,'0505'!$A$1:'0505'!H$44,7,FALSE),IFERROR(VLOOKUP($C13,'0505'!$C$1:'0505'!H$44,5,FALSE),G13-E13)) -> 0 | L13: =IFERROR(K13/J13,) -> 0
A14: 这是什么品种的花卉？ | B14: 回答 | C14: 45773 | D14: 36 | E14: 16 | F14: 142 | G14: 190 | H14: =E14/D14 -> 0.44444444 | I14: =G14/F14 -> 1.3380282 | J14: =F14-IFERROR(VLOOKUP($A14,'0505'!$A$1:'0505'!G$48,6,FALSE),IFERROR(VLOOKUP($C14,'0505'!$C$1:'0505'!G$48,4,FALSE),F14-D14)) -> 0 | K14: =G14-IFERROR(VLOOKUP($A14,'0505'!$A$1:'0505'!H$44,7,FALSE),IFERROR(VLOOKUP($C14,'0505'!$C$1:'0505'!H$44,5,FALSE),G14-E14)) -> 0 | L14: =IFERROR(K14/J14,) -> 0
A15: 酸菜炖大骨头好吃的做法有哪些？ | B15: 回答 | C15: 45773 | D15: 24 | E15: 18 | F15: 225 | G15: 247 | H15: =E15/D15 -> 0.75 | I15: =G15/F15 -> 1.0977778 | J15: =F15-IFERROR(VLOOKUP($A15,'0505'!$A$1:'0505'!G$48,6,FALSE),IFERROR(VLOOKUP($C15,'0505'!$C$1:'0505'!G$48,4,FALSE),F15-D15)) -> 0 | K15: =G15-IFERROR(VLOOKUP($A15,'0505'!$A$1:'0505'!H$44,7,FALSE),IFERROR(VLOOKUP($C15,'0505'!$C$1:'0505'!H$44,5,FALSE),G15-E15)) -> 0 | L15: =IFERROR(K15/J15,) -> 0
A16: 两杯水中，一杯其中加盐鸡蛋会怎么样？ | B16: 回答 | C16: 45772 | D16: 105 | E16: 279 | F16: 198 | G16: 612 | H16: =E16/D16 -> 2.6571429 | I16: =G16/F16 -> 3.0909091 | J16: =F16-IFERROR(VLOOKUP($A16,'0505'!$A$1:'0505'!G$48,6,FALSE),IFERROR(VLOOKUP($C16,'0505'!$C$1:'0505'!G$48,4,FALSE),F16-D16)) -> 0 | K16: =G16-IFERROR(VLOOKUP($A16,'0505'!$A$1:'0505'!H$44,7,FALSE),IFERROR(VLOOKUP($C16,'0505'!$C$1:'0505'!H$44,5,FALSE),G16-E16)) -> 0 | L16: =IFERROR(K16/J16,) -> 0 | M16: 0430顶99,23,26,2,1
A17: 煎鱼总粘锅破皮是物理问题还是技术问题？家庭厨房如何彻底解决？ | B17: 回答 | C17: 45771 | D17: 22 | E17: 18 | F17: 192 | G17: 183 | H17: =E17/D17 -> 0.81818182 | I17: =G17/F17 -> 0.953125 | J17: =F17-IFERROR(VLOOKUP($A17,'0505'!$A$1:'0505'!G$48,6,FALSE),IFERROR(VLOOKUP($C17,'0505'!$C$1:'0505'!G$48,4,FALSE),F17-D17)) -> 1 | K17: =G17-IFERROR(VLOOKUP($A17,'0505'!$A$1:'0505'!H$44,7,FALSE),IFERROR(VLOOKUP($C17,'0505'!$C$1:'0505'!H$44,5,FALSE),G17-E17)) -> 0 | L17: =IFERROR(K17/J17,) -> 0
A18: 蝴蝶兰花茎为啥这么粗壮？ | B18: 回答 | C18: 45771 | D18: 51 | E18: 12 | F18: 180 | G18: 125 | H18: =E18/D18 -> 0.23529412 | I18: =G18/F18 -> 0.69444444 | J18: =F18-IFERROR(VLOOKUP($A18,'0505'!$A$1:'0505'!G$48,6,FALSE),IFERROR(VLOOKUP($C18,'0505'!$C$1:'0505'!G$48,4,FALSE),F18-D18)) -> 7 | K18: =G18-IFERROR(VLOOKUP($A18,'0505'!$A$1:'0505'!H$44,7,FALSE),IFERROR(VLOOKUP($C18,'0505'!$C$1:'0505'!H$44,5,FALSE),G18-E18)) -> 0 | L18: =IFERROR(K18/J18,) -> 0
A19: 血压高适合吃哪些食物？ | B19: 回答 | C19: 45770 | D19: 59 | E19: 47 | F19: 228 | G19: 685 | H19: =E19/D19 -> 0.79661017 | I19: =G19/F19 -> 3.004386 | J19: =F19-IFERROR(VLOOKUP($A19,'0505'!$A$1:'0505'!G$48,6,FALSE),IFERROR(VLOOKUP($C19,'0505'!$C$1:'0505'!G$48,4,FALSE),F19-D19)) -> 3 | K19: =G19-IFERROR(VLOOKUP($A19,'0505'!$A$1:'0505'!H$44,7,FALSE),IFERROR(VLOOKUP($C19,'0505'!$C$1:'0505'!H$44,5,FALSE),G19-E19)) -> 0 | L19: =IFERROR(K19/J19,) -> 0 | M19: 0426顶98,26,40,3,1
A20: 同样的电饭煲煮饭，用不同的大米煮，加的水是一样的吗？ | B20: 回答 | C20: 45768 | D20: 4 | E20: 6 | F20: 216 | G20: 603 | H20: =E20/D20 -> 1.5 | I20: =G20/F20 -> 2.7916667 | J20: =F20-IFERROR(VLOOKUP($A20,'0505'!$A$1:'0505'!G$48,6,FALSE),IFERROR(VLOOKUP($C20,'0505'!$C$1:'0505'!G$48,4,FALSE),F20-D20)) -> 0 | K20: =G20-IFERROR(VLOOKUP($A20,'0505'!$A$1:'0505'!H$44,7,FALSE),IFERROR(VLOOKUP($C20,'0505'!$C$1:'0505'!H$44,5,FALSE),G20-E20)) -> 0 | L20: =IFERROR(K20/J20,) -> 0
A21: 为啥大中火煸油 没等油煸出来就糊了? | B21: 回答 | C21: 45765 | D21: 6 | E21: 6 | F21: 404 | G21: 452 | H21: =E21/D21 -> 1 | I21: =G21/F21 -> 1.1188119 | J21: =F21-IFERROR(VLOOKUP($A21,'0505'!$A$1:'0505'!G$48,6,FALSE),IFERROR(VLOOKUP($C21,'0505'!$C$1:'0505'!G$48,4,FALSE),F21-D21)) -> 3 | K21: =G21-IFERROR(VLOOKUP($A21,'0505'!$A$1:'0505'!H$44,7,FALSE),IFERROR(VLOOKUP($C21,'0505'!$C$1:'0505'!H$44,5,FALSE),G21-E21)) -> 0 | L21: =IFERROR(K21/J21,) -> 0
A22: 大树被锯掉树冠还能发芽吗？ | B22: 回答 | C22: 45764 | D22: 62 | E22: 28 | F22: 381 | G22: 282 | H22: =E22/D22 -> 0.4516129 | I22: =G22/F22 -> 0.74015748 | J22: =F22-IFERROR(VLOOKUP($A22,'0505'!$A$1:'0505'!G$48,6,FALSE),IFERROR(VLOOKUP($C22,'0505'!$C$1:'0505'!G$48,4,FALSE),F22-D22)) -> 9 | K22: =G22-IFERROR(VLOOKUP($A22,'0505'!$A$1:'0505'!H$44,7,FALSE),IFERROR(VLOOKUP($C22,'0505'!$C$1:'0505'!H$44,5,FALSE),G22-E22)) -> 7 | L22: =IFERROR(K22/J22,) -> 0.77777778
A23: 少先队员种杨树和柳树共140棵，杨树比柳树多40棵，那么杨树种了多少棵，柳树种了多少棵。? | B23: 回答 | C23: 45763 | D23: 1 | E23: 4 | F23: 130 | G23: 198 | H23: =E23/D23 -> 4 | I23: =G23/F23 -> 1.5230769 | J23: =F23-IFERROR(VLOOKUP($A23,'0505'!$A$1:'0505'!G$48,6,FALSE),IFERROR(VLOOKUP($C23,'0505'!$C$1:'0505'!G$48,4,FALSE),F23-D23)) -> 0 | K23: =G23-IFERROR(VLOOKUP($A23,'0505'!$A$1:'0505'!H$44,7,FALSE),IFERROR(VLOOKUP($C23,'0505'!$C$1:'0505'!H$44,5,FALSE),G23-E23)) -> 0 | L23: =IFERROR(K23/J23,) -> 0 | M23: 0427收益期128，194
A24: 请问在食堂打饭时一两米饭指的是熟重一两还是生重一两? | B24: 回答 | C24: 45762 | D24: 9 | E24: 6 | F24: 603 | G24: 641 | H24: =E24/D24 -> 0.66666667 | I24: =G24/F24 -> 1.0630182 | J24: =F24-IFERROR(VLOOKUP($A24,'0505'!$A$1:'0505'!G$48,6,FALSE),IFERROR(VLOOKUP($C24,'0505'!$C$1:'0505'!G$48,4,FALSE),F24-D24)) -> 0 | K24: =G24-IFERROR(VLOOKUP($A24,'0505'!$A$1:'0505'!H$44,7,FALSE),IFERROR(VLOOKUP($C24,'0505'!$C$1:'0505'!H$44,5,FALSE),G24-E24)) -> 0 | L24: =IFERROR(K24/J24,) -> 0 | M24: 0428收益期593,635
A25: 做蒸饺时应该怎么和面呢？ | B25: 回答 | C25: 45761 | D25: 13 | E25: 12 | F25: 1057 | G25: 919 | H25: =E25/D25 -> 0.92307692 | I25: =G25/F25 -> 0.86944182 | J25: =F25-IFERROR(VLOOKUP($A25,'0505'!$A$1:'0505'!G$48,6,FALSE),IFERROR(VLOOKUP($C25,'0505'!$C$1:'0505'!G$48,4,FALSE),F25-D25)) -> 0 | K25: =G25-IFERROR(VLOOKUP($A25,'0505'!$A$1:'0505'!H$44,7,FALSE),IFERROR(VLOOKUP($C25,'0505'!$C$1:'0505'!H$44,5,FALSE),G25-E25)) -> 0 | L25: =IFERROR(K25/J25,) -> 0 | M25: 0426收益期1029,907
A26: 茄子除了炒着吃以外，还有什么其他比较健康的烹饪方法？ | B26: 回答 | C26: 45755 | D26: 7 | E26: 6 | F26: 442 | G26: 511 | H26: =E26/D26 -> 0.85714286 | I26: =G26/F26 -> 1.1561086 | J26: =F26-IFERROR(VLOOKUP($A26,'0505'!$A$1:'0505'!G$48,6,FALSE),IFERROR(VLOOKUP($C26,'0505'!$C$1:'0505'!G$48,4,FALSE),F26-D26)) -> 2 | K26: =G26-IFERROR(VLOOKUP($A26,'0505'!$A$1:'0505'!H$44,7,FALSE),IFERROR(VLOOKUP($C26,'0505'!$C$1:'0505'!H$44,5,FALSE),G26-E26)) -> 0 | L26: =IFERROR(K26/J26,) -> 0 | M26: 0428收益期430,505
A27: 家里吃剩的煮鸡蛋，可以用来做花肥吗？ | B27: 回答 | C27: 45751 | D27: 22 | E27: 8 | F27: 173 | G27: 266 | H27: =E27/D27 -> 0.36363636 | I27: =G27/F27 -> 1.5375723 | J27: =F27-IFERROR(VLOOKUP($A27,'0505'!$A$1:'0505'!G$48,6,FALSE),IFERROR(VLOOKUP($C27,'0505'!$C$1:'0505'!G$48,4,FALSE),F27-D27)) -> 8 | K27: =G27-IFERROR(VLOOKUP($A27,'0505'!$A$1:'0505'!H$44,7,FALSE),IFERROR(VLOOKUP($C27,'0505'!$C$1:'0505'!H$44,5,FALSE),G27-E27)) -> 0 | L27: =IFERROR(K27/J27,) -> 0 | M27: 0421收益期134,258
A28: 你们采摘过野外的桑葚么？或者采摘过什么野果野菜？口感怎么样？ | B28: 回答 | C28: 45750 | D28: 6 | E28: 12 | F28: 229 | G28: 542 | H28: =E28/D28 -> 2 | I28: =G28/F28 -> 2.3668122 | J28: =F28-IFERROR(VLOOKUP($A28,'0505'!$A$1:'0505'!G$48,6,FALSE),IFERROR(VLOOKUP($C28,'0505'!$C$1:'0505'!G$48,4,FALSE),F28-D28)) -> 0 | K28: =G28-IFERROR(VLOOKUP($A28,'0505'!$A$1:'0505'!H$44,7,FALSE),IFERROR(VLOOKUP($C28,'0505'!$C$1:'0505'!H$44,5,FALSE),G28-E28)) -> 0 | L28: =IFERROR(K28/J28,) -> 0 | M28: 0426收益期222,530
A29: 钟南山呼吁别再「无效节约」，别让剩饭剩菜伤了胃，剩菜剩饭有哪些危害？生活中还有哪些饮食健康易被忽视？ | B29: 回答 | C29: 45748 | D29: 39 | E29: 5 | F29: 224490 | G29: 10598 | H29: =E29/D29 -> 0.12820513 | I29: =G29/F29 -> 0.04720923 | J29: =F29-IFERROR(VLOOKUP($A29,'0505'!$A$1:'0505'!G$48,6,FALSE),IFERROR(VLOOKUP($C29,'0505'!$C$1:'0505'!G$48,4,FALSE),F29-D29)) -> 39 | K29: =G29-IFERROR(VLOOKUP($A29,'0505'!$A$1:'0505'!H$44,7,FALSE),IFERROR(VLOOKUP($C29,'0505'!$C$1:'0505'!H$44,5,FALSE),G29-E29)) -> 5 | L29: =IFERROR(K29/J29,) -> 0.12820513 | M29: 0504收益期22.4万，10593
A30: 谁能提供一个猪肉好吃又简单的做法？ | B30: 回答 | C30: 45743 | D30: 64 | E30: 20 | F30: 4916 | G30: 1996 | H30: =E30/D30 -> 0.3125 | I30: =G30/F30 -> 0.40602116 | J30: =F30-IFERROR(VLOOKUP($A30,'0505'!$A$1:'0505'!G$48,6,FALSE),IFERROR(VLOOKUP($C30,'0505'!$C$1:'0505'!G$48,4,FALSE),F30-D30)) -> 4 | K30: =G30-IFERROR(VLOOKUP($A30,'0505'!$A$1:'0505'!H$44,7,FALSE),IFERROR(VLOOKUP($C30,'0505'!$C$1:'0505'!H$44,5,FALSE),G30-E30)) -> 0 | L30: =IFERROR(K30/J30,) -> 0 | M30: 0425收益期4799,1976
A31: 牛肉水煮40分钟后，轻微炒2分钟，吃起来还是很硬很柴，问题出在哪里呢？ | B31: 回答 | C31: 45741 | D31: 87 | E31: 10 | F31: 1249 | G31: 687 | H31: =E31/D31 -> 0.11494253 | I31: =G31/F31 -> 0.55004003 | J31: =F31-IFERROR(VLOOKUP($A31,'0505'!$A$1:'0505'!G$48,6,FALSE),IFERROR(VLOOKUP($C31,'0505'!$C$1:'0505'!G$48,4,FALSE),F31-D31)) -> 12 | K31: =G31-IFERROR(VLOOKUP($A31,'0505'!$A$1:'0505'!H$44,7,FALSE),IFERROR(VLOOKUP($C31,'0505'!$C$1:'0505'!H$44,5,FALSE),G31-E31)) -> 0 | L31: =IFERROR(K31/J31,) -> 0 | M31: 0413收益期928，667
A32: 草莓究竟是哪个季节的果实? | B32: 回答 | C32: 45734 | D32: 22 | E32: 5 | F32: 504 | G32: 675 | H32: =E32/D32 -> 0.22727273 | I32: =G32/F32 -> 1.3392857 | J32: =F32-IFERROR(VLOOKUP($A32,'0505'!$A$1:'0505'!G$48,6,FALSE),IFERROR(VLOOKUP($C32,'0505'!$C$1:'0505'!G$48,4,FALSE),F32-D32)) -> 22 | K32: =G32-IFERROR(VLOOKUP($A32,'0505'!$A$1:'0505'!H$44,7,FALSE),IFERROR(VLOOKUP($C32,'0505'!$C$1:'0505'!H$44,5,FALSE),G32-E32)) -> 5 | L32: =IFERROR(K32/J32,) -> 0.22727273 | M32: 0503收益期494,670
A33: 长期不吃早餐真的会得胆结石吗？还是危言耸听？ | B33: 回答 | C33: 45720 | D33: 19 | E33: 3 | F33: 374 | G33: 275 | H33: =E33/D33 -> 0.15789474 | I33: =G33/F33 -> 0.73529412 | J33: =F33-IFERROR(VLOOKUP($A33,'0505'!$A$1:'0505'!G$48,6,FALSE),IFERROR(VLOOKUP($C33,'0505'!$C$1:'0505'!G$48,4,FALSE),F33-D33)) -> 2 | K33: =G33-IFERROR(VLOOKUP($A33,'0505'!$A$1:'0505'!H$44,7,FALSE),IFERROR(VLOOKUP($C33,'0505'!$C$1:'0505'!H$44,5,FALSE),G33-E33)) -> 0 | L33: =IFERROR(K33/J33,) -> 0 | M33: 0406收益期290,272
A34: 油炸食物很香，哪些蔬菜适合油炸且非常好吃？ | B34: 回答 | C34: 45719 | D34: 7 | E34: 10 | F34: 380 | G34: 657 | H34: =E34/D34 -> 1.4285714 | I34: =G34/F34 -> 1.7289474 | J34: =F34-IFERROR(VLOOKUP($A34,'0505'!$A$1:'0505'!G$48,6,FALSE),IFERROR(VLOOKUP($C34,'0505'!$C$1:'0505'!G$48,4,FALSE),F34-D34)) -> 0 | K34: =G34-IFERROR(VLOOKUP($A34,'0505'!$A$1:'0505'!H$44,7,FALSE),IFERROR(VLOOKUP($C34,'0505'!$C$1:'0505'!H$44,5,FALSE),G34-E34)) -> 0 | L34: =IFERROR(K34/J34,) -> 0 | M34: 0403收益期359,647
... A36: 酥脆剂和泡打粉的区别有哪些？ | B36: 回答 | C36: 45691 | D36: 17 | E36: 5 | F36: 323 | G36: 36 | H36: =E36/D36 -> 0.29411765 | I36: =G36/F36 -> 0.11145511 | J36: =F36-IFERROR(VLOOKUP($A36,'0505'!$A$1:'0505'!G$48,6,FALSE),IFERROR(VLOOKUP($C36,'0505'!$C$1:'0505'!G$48,4,FALSE),F36-D36)) -> 2 | K36: =G36-IFERROR(VLOOKUP($A36,'0505'!$A$1:'0505'!H$44,7,FALSE),IFERROR(VLOOKUP($C36,'0505'!$C$1:'0505'!H$44,5,FALSE),G36-E36)) -> 0 | L36: =IFERROR(K36/J36,) -> 0 | M36: 0216收益期91,31
K37: =SUM(K2:K36) -> 703

Sheet 0507
A1: 内容 | B1: 内容类型 | C1: 内容发布时间 | D1: 本期阅读量 | E1: 本期收益 | F1: 累计阅读量 | G1: 累计收益 | J1: 新增浏览 | K1: 新增收益
A2: 如何判断鸡蛋是否坏掉了？ | B2: 回答 | C2: 45783 | D2: 82 | E2: 114 | F2: 82 | G2: 114 | H2: =E2/D2 -> 1.3902439 | I2: =G2/F2 -> 1.3902439 | J2: =F2-IFERROR(VLOOKUP($A2,'0506'!$A$1:'0506'!G$48,6,FALSE),IFERROR(VLOOKUP($C2,'0506'!$C$1:'0506'!G$48,4,FALSE),F2-D2)) -> 82 | K2: =G2-IFERROR(VLOOKUP($A2,'0506'!$A$1:'0506'!H$44,7,FALSE),IFERROR(VLOOKUP($C2,'0506'!$C$1:'0506'!H$44,5,FALSE),G2-E2)) -> 114 | L2: =IFERROR(K2/J2,) -> 1.3902439
A3: 现在还有马嘛？村子卖得马肉不会是骡子肉吧❓️❓️❓️? | B3: 回答 | C3: 45783 | D3: 89 | E3: 145 | F3: 89 | G3: 145 | H3: =E3/D3 -> 1.6292135 | I3: =G3/F3 -> 1.6292135 | J3: =F3-IFERROR(VLOOKUP($A3,'0506'!$A$1:'0506'!G$48,6,FALSE),IFERROR(VLOOKUP($C3,'0506'!$C$1:'0506'!G$48,4,FALSE),F3-D3)) -> 89 | K3: =G3-IFERROR(VLOOKUP($A3,'0506'!$A$1:'0506'!H$44,7,FALSE),IFERROR(VLOOKUP($C3,'0506'!$C$1:'0506'!H$44,5,FALSE),G3-E3)) -> 145 | L3: =IFERROR(K3/J3,) -> 1.6292135
A4: 为什么草莓不容易活？ | B4: 回答 | C4: 45782 | D4: 197 | E4: 183 | F4: 197 | G4: 183 | H4: =E4/D4 -> 0.92893401 | I4: =G4/F4 -> 0.92893401 | J4: =F4-IFERROR(VLOOKUP($A4,'0506'!$A$1:'0506'!G$48,6,FALSE),IFERROR(VLOOKUP($C4,'0506'!$C$1:'0506'!G$48,4,FALSE),F4-D4)) -> 90 | K4: =G4-IFERROR(VLOOKUP($A4,'0506'!$A$1:'0506'!H$44,7,FALSE),IFERROR(VLOOKUP($C4,'0506'!$C$1:'0506'!H$44,5,FALSE),G4-E4)) -> 34 | L4: =IFERROR(K4/J4,) -> 0.37777778
A5: 有人见过路边这种果实么？ | B5: 回答 | C5: 45781 | D5: 169 | E5: 546 | F5: 169 | G5: 546 | H5: =E5/D5 -> 3.2307692 | I5: =G5/F5 -> 3.2307692 | J5: =F5-IFERROR(VLOOKUP($A5,'0506'!$A$1:'0506'!G$48,6,FALSE),IFERROR(VLOOKUP($C5,'0506'!$C$1:'0506'!G$48,4,FALSE),F5-D5)) -> 60 | K5: =G5-IFERROR(VLOOKUP($A5,'0506'!$A$1:'0506'!H$44,7,FALSE),IFERROR(VLOOKUP($C5,'0506'!$C$1:'0506'!H$44,5,FALSE),G5-E5)) -> 84 | L5: =IFERROR(K5/J5,) -> 1.4
A6: 明明白面是由小麦制成的，为什么很多老人80年代后才吃得起白面馒头？ | B6: 回答 | C6: 45780 | D6: 1092 | E6: 513 | F6: 1092 | G6: 513 | H6: =E6/D6 -> 0.46978022 | I6: =G6/F6 -> 0.46978022 | J6: =F6-IFERROR(VLOOKUP($A6,'0506'!$A$1:'0506'!G$48,6,FALSE),IFERROR(VLOOKUP($C6,'0506'!$C$1:'0506'!G$48,4,FALSE),F6-D6)) -> 125 | K6: =G6-IFERROR(VLOOKUP($A6,'0506'!$A$1:'0506'!H$44,7,FALSE),IFERROR(VLOOKUP($C6,'0506'!$C$1:'0506'!H$44,5,FALSE),G6-E6)) -> 25 | L6: =IFERROR(K6/J6,) -> 0.2
A7: 自己种的都忘了，请问这个是什么果树? | B7: 回答 | C7: 45779 | D7: 166 | E7: 139 | F7: 166 | G7: 139 | H7: =E7/D7 -> 0.8373494 | I7: =G7/F7 -> 0.8373494 | J7: =F7-IFERROR(VLOOKUP($A7,'0506'!$A$1:'0506'!G$48,6,FALSE),IFERROR(VLOOKUP($C7,'0506'!$C$1:'0506'!G$48,4,FALSE),F7-D7)) -> 19 | K7: =G7-IFERROR(VLOOKUP($A7,'0506'!$A$1:'0506'!H$44,7,FALSE),IFERROR(VLOOKUP($C7,'0506'!$C$1:'0506'!H$44,5,FALSE),G7-E7)) -> 0 | L7: =IFERROR(K7/J7,) -> 0
A8: 前几天养了四只小鸡，一只死了。还剩三只鸡，其中的一只鸡又被其它两只小鸡把屁眼那块啄的血琳琳，啥原因？ | B8: 回答 | C8: 45778 | D8: 368 | E8: 154 | F8: 368 | G8: 154 | H8: =E8/D8 -> 0.41847826 | I8: =G8/F8 -> 0.41847826 | J8: =F8-IFERROR(VLOOKUP($A8,'0506'!$A$1:'0506'!G$48,6,FALSE),IFERROR(VLOOKUP($C8,'0506'!$C$1:'0506'!G$48,4,FALSE),F8-D8)) -> 19 | K8: =G8-IFERROR(VLOOKUP($A8,'0506'!$A$1:'0506'!H$44,7,FALSE),IFERROR(VLOOKUP($C8,'0506'!$C$1:'0506'!H$44,5,FALSE),G8-E8)) -> 0 | L8: =IFERROR(K8/J8,) -> 0
A9: 请问在不破坏树的情况下怎么把树皮腐蚀下来一点，不让大树压到房子? | B9: 回答 | C9: 45777 | D9: 230 | E9: 290 | F9: 230 | G9: 290 | H9: =E9/D9 -> 1.2608696 | I9: =G9/F9 -> 1.2608696 | J9: =F9-IFERROR(VLOOKUP($A9,'0506'!$A$1:'0506'!G$48,6,FALSE),IFERROR(VLOOKUP($C9,'0506'!$C$1:'0506'!G$48,4,FALSE),F9-D9)) -> 16 | K9: =G9-IFERROR(VLOOKUP($A9,'0506'!$A$1:'0506'!H$44,7,FALSE),IFERROR(VLOOKUP($C9,'0506'!$C$1:'0506'!H$44,5,FALSE),G9-E9)) -> 0 | L9: =IFERROR(K9/J9,) -> 0
A10: 香椿的功效与作用是什么呢？ | B10: 回答 | C10: 45777 | D10: 134 | E10: 563 | F10: 134 | G10: 563 | H10: =E10/D10 -> 4.2014925 | I10: =G10/F10 -> 4.2014925 | J10: =F10-IFERROR(VLOOKUP($A10,'0506'!$A$1:'0506'!G$48,6,FALSE),IFERROR(VLOOKUP($C10,'0506'!$C$1:'0506'!G$48,4,FALSE),F10-D10)) -> 15 | K10: =G10-IFERROR(VLOOKUP($A10,'0506'!$A$1:'0506'!H$44,7,FALSE),IFERROR(VLOOKUP($C10,'0506'!$C$1:'0506'!H$44,5,FALSE),G10-E10)) -> 51 | L10: =IFERROR(K10/J10,) -> 3.4 | M10: 0502顶78,26,10,4，2
A11: 人一天到底要吃多少，才不会太多也不会太少？ | B11: 回答 | C11: 45776 | D11: 523 | E11: 180 | F11: 641 | G11: 393 | H11: =E11/D11 -> 0.34416826 | I11: =G11/F11 -> 0.61310452 | J11: =F11-IFERROR(VLOOKUP($A11,'0506'!$A$1:'0506'!G$48,6,FALSE),IFERROR(VLOOKUP($C11,'0506'!$C$1:'0506'!G$48,4,FALSE),F11-D11)) -> 22 | K11: =G11-IFERROR(VLOOKUP($A11,'0506'!$A$1:'0506'!H$44,7,FALSE),IFERROR(VLOOKUP($C11,'0506'!$C$1:'0506'!H$44,5,FALSE),G11-E11)) -> 0 | L11: =IFERROR(K11/J11,) -> 0
A12: 同样的时间，为什么早上煮的菜晚上可以吃，但晚上煮的菜第二天早上就叫隔夜菜，吃了就不利于健康呢？ | B12: 回答 | C12: 45775 | D12: 98 | E12: 94 | F12: 242 | G12: 311 | H12: =E12/D12 -> 0.95918367 | I12: =G12/F12 -> 1.285124 | J12: =F12-IFERROR(VLOOKUP($A12,'0506'!$A$1:'0506'!G$48,6,FALSE),IFERROR(VLOOKUP($C12,'0506'!$C$1:'0506'!G$48,4,FALSE),F12-D12)) -> 2 | K12: =G12-IFERROR(VLOOKUP($A12,'0506'!$A$1:'0506'!H$44,7,FALSE),IFERROR(VLOOKUP($C12,'0506'!$C$1:'0506'!H$44,5,FALSE),G12-E12)) -> 0 | L12: =IFERROR(K12/J12,) -> 0
A13: 能否告诉我这花团锦簇的是什么树？ | B13: 回答 | C13: 45775 | D13: 17 | E13: 28 | F13: 136 | G13: 304 | H13: =E13/D13 -> 1.6470588 | I13: =G13/F13 -> 2.2352941 | J13: =F13-IFERROR(VLOOKUP($A13,'0506'!$A$1:'0506'!G$48,6,FALSE),IFERROR(VLOOKUP($C13,'0506'!$C$1:'0506'!G$48,4,FALSE),F13-D13)) -> 0 | K13: =G13-IFERROR(VLOOKUP($A13,'0506'!$A$1:'0506'!H$44,7,FALSE),IFERROR(VLOOKUP($C13,'0506'!$C$1:'0506'!H$44,5,FALSE),G13-E13)) -> 0 | L13: =IFERROR(K13/J13,) -> 0 | M13: 0507荐244,41,30,3,2
A14: 医生说少油少盐，不可抗拒的原因一直在吃食堂，是不是少吃点多喝汤就达到上述要求？ | B14: 回答 | C14: 45774 | D14: 11 | E14: 8 | F14: 140 | G14: 216 | H14: =E14/D14 -> 0.72727273 | I14: =G14/F14 -> 1.5428571 | J14: =F14-IFERROR(VLOOKUP($A14,'0506'!$A$1:'0506'!G$48,6,FALSE),IFERROR(VLOOKUP($C14,'0506'!$C$1:'0506'!G$48,4,FALSE),F14-D14)) -> 0 | K14: =G14-IFERROR(VLOOKUP($A14,'0506'!$A$1:'0506'!H$44,7,FALSE),IFERROR(VLOOKUP($C14,'0506'!$C$1:'0506'!H$44,5,FALSE),G14-E14)) -> 0 | L14: =IFERROR(K14/J14,) -> 0
A15: 有人说一周吃四个鸡蛋就够了，有人说每天一个鸡蛋最好，到底哪种说法更合适？ | B15: 回答 | C15: 45774 | D15: 56 | E15: 72 | F15: 406 | G15: 371 | H15: =E15/D15 -> 1.2857143 | I15: =G15/F15 -> 0.9137931 | J15: =F15-IFERROR(VLOOKUP($A15,'0506'!$A$1:'0506'!G$48,6,FALSE),IFERROR(VLOOKUP($C15,'0506'!$C$1:'0506'!G$48,4,FALSE),F15-D15)) -> 2 | K15: =G15-IFERROR(VLOOKUP($A15,'0506'!$A$1:'0506'!H$44,7,FALSE),IFERROR(VLOOKUP($C15,'0506'!$C$1:'0506'!H$44,5,FALSE),G15-E15)) -> 0 | L15: =IFERROR(K15/J15,) -> 0
A16: 这是什么品种的花卉？ | B16: 回答 | C16: 45773 | D16: 31 | E16: 8 | F16: 143 | G16: 190 | H16: =E16/D16 -> 0.25806452 | I16: =G16/F16 -> 1.3286713 | J16: =F16-IFERROR(VLOOKUP($A16,'0506'!$A$1:'0506'!G$48,6,FALSE),IFERROR(VLOOKUP($C16,'0506'!$C$1:'0506'!G$48,4,FALSE),F16-D16)) -> 1 | K16: =G16-IFERROR(VLOOKUP($A16,'0506'!$A$1:'0506'!H$44,7,FALSE),IFERROR(VLOOKUP($C16,'0506'!$C$1:'0506'!H$44,5,FALSE),G16-E16)) -> 0 | L16: =IFERROR(K16/J16,) -> 0
A17: 酸菜炖大骨头好吃的做法有哪些？ | B17: 回答 | C17: 45773 | D17: 16 | E17: 12 | F17: 226 | G17: 247 | H17: =E17/D17 -> 0.75 | I17: =G17/F17 -> 1.0929204 | J17: =F17-IFERROR(VLOOKUP($A17,'0506'!$A$1:'0506'!G$48,6,FALSE),IFERROR(VLOOKUP($C17,'0506'!$C$1:'0506'!G$48,4,FALSE),F17-D17)) -> 1 | K17: =G17-IFERROR(VLOOKUP($A17,'0506'!$A$1:'0506'!H$44,7,FALSE),IFERROR(VLOOKUP($C17,'0506'!$C$1:'0506'!H$44,5,FALSE),G17-E17)) -> 0 | L17: =IFERROR(K17/J17,) -> 0
A18: 两杯水中，一杯其中加盐鸡蛋会怎么样？ | B18: 回答 | C18: 45772 | D18: 100 | E18: 272 | F18: 198 | G18: 612 | H18: =E18/D18 -> 2.72 | I18: =G18/F18 -> 3.0909091 | J18: =F18-IFERROR(VLOOKUP($A18,'0506'!$A$1:'0506'!G$48,6,FALSE),IFERROR(VLOOKUP($C18,'0506'!$C$1:'0506'!G$48,4,FALSE),F18-D18)) -> 0 | K18: =G18-IFERROR(VLOOKUP($A18,'0506'!$A$1:'0506'!H$44,7,FALSE),IFERROR(VLOOKUP($C18,'0506'!$C$1:'0506'!H$44,5,FALSE),G18-E18)) -> 0 | L18: =IFERROR(K18/J18,) -> 0 | M18: 0430顶99,23,26,2,1
A19: 煎鱼总粘锅破皮是物理问题还是技术问题？家庭厨房如何彻底解决？ | B19: 回答 | C19: 45771 | D19: 20 | E19: 12 | F19: 197 | G19: 183 | H19: =E19/D19 -> 0.6 | I19: =G19/F19 -> 0.92893401 | J19: =F19-IFERROR(VLOOKUP($A19,'0506'!$A$1:'0506'!G$48,6,FALSE),IFERROR(VLOOKUP($C19,'0506'!$C$1:'0506'!G$48,4,FALSE),F19-D19)) -> 5 | K19: =G19-IFERROR(VLOOKUP($A19,'0506'!$A$1:'0506'!H$44,7,FALSE),IFERROR(VLOOKUP($C19,'0506'!$C$1:'0506'!H$44,5,FALSE),G19-E19)) -> 0 | L19: =IFERROR(K19/J19,) -> 0
A20: 蝴蝶兰花茎为啥这么粗壮？ | B20: 回答 | C20: 45771 | D20: 51 | E20: 4 | F20: 188 | G20: 125 | H20: =E20/D20 -> 0.078431373 | I20: =G20/F20 -> 0.66489362 | J20: =F20-IFERROR(VLOOKUP($A20,'0506'!$A$1:'0506'!G$48,6,FALSE),IFERROR(VLOOKUP($C20,'0506'!$C$1:'0506'!G$48,4,FALSE),F20-D20)) -> 8 | K20: =G20-IFERROR(VLOOKUP($A20,'0506'!$A$1:'0506'!H$44,7,FALSE),IFERROR(VLOOKUP($C20,'0506'!$C$1:'0506'!H$44,5,FALSE),G20-E20)) -> 0 | L20: =IFERROR(K20/J20,) -> 0
A21: 血压高适合吃哪些食物？ | B21: 回答 | C21: 45770 | D21: 33 | E21: 4 | F21: 229 | G21: 685 | H21: =E21/D21 -> 0.12121212 | I21: =G21/F21 -> 2.9912664 | J21: =F21-IFERROR(VLOOKUP($A21,'0506'!$A$1:'0506'!G$48,6,FALSE),IFERROR(VLOOKUP($C21,'0506'!$C$1:'0506'!G$48,4,FALSE),F21-D21)) -> 1 | K21: =G21-IFERROR(VLOOKUP($A21,'0506'!$A$1:'0506'!H$44,7,FALSE),IFERROR(VLOOKUP($C21,'0506'!$C$1:'0506'!H$44,5,FALSE),G21-E21)) -> 0 | L21: =IFERROR(K21/J21,) -> 0 | M21: 0426顶98,26,40,3,1
A22: 大树被锯掉树冠还能发芽吗？ | B22: 回答 | C22: 45764 | D22: 48 | E22: 21 | F22: 383 | G22: 282 | H22: =E22/D22 -> 0.4375 | I22: =G22/F22 -> 0.73629243 | J22: =F22-IFERROR(VLOOKUP($A22,'0506'!$A$1:'0506'!G$48,6,FALSE),IFERROR(VLOOKUP($C22,'0506'!$C$1:'0506'!G$48,4,FALSE),F22-D22)) -> 2 | K22: =G22-IFERROR(VLOOKUP($A22,'0506'!$A$1:'0506'!H$44,7,FALSE),IFERROR(VLOOKUP($C22,'0506'!$C$1:'0506'!H$44,5,FALSE),G22-E22)) -> 0 | L22: =IFERROR(K22/J22,) -> 0
A23: 少先队员种杨树和柳树共140棵，杨树比柳树多40棵，那么杨树种了多少棵，柳树种了多少棵。? | B23: 回答 | C23: 45763 | D23: 1 | E23: 4 | F23: 130 | G23: 198 | H23: =E23/D23 -> 4 | I23: =G23/F23 -> 1.5230769 | J23: =F23-IFERROR(VLOOKUP($A23,'0506'!$A$1:'0506'!G$48,6,FALSE),IFERROR(VLOOKUP($C23,'0506'!$C$1:'0506'!G$48,4,FALSE),F23-D23)) -> 0 | K23: =G23-IFERROR(VLOOKUP($A23,'0506'!$A$1:'0506'!H$44,7,FALSE),IFERROR(VLOOKUP($C23,'0506'!$C$1:'0506'!H$44,5,FALSE),G23-E23)) -> 0 | L23: =IFERROR(K23/J23,) -> 0 | M23: 0427收益期128，194
A24: 请问在食堂打饭时一两米饭指的是熟重一两还是生重一两? | B24: 回答 | C24: 45762 | D24: 13 | E24: 12 | F24: 607 | G24: 647 | H24: =E24/D24 -> 0.92307692 | I24: =G24/F24 -> 1.0658979 | J24: =F24-IFERROR(VLOOKUP($A24,'0506'!$A$1:'0506'!G$48,6,FALSE),IFERROR(VLOOKUP($C24,'0506'!$C$1:'0506'!G$48,4,FALSE),F24-D24)) -> 4 | K24: =G24-IFERROR(VLOOKUP($A24,'0506'!$A$1:'0506'!H$44,7,FALSE),IFERROR(VLOOKUP($C24,'0506'!$C$1:'0506'!H$44,5,FALSE),G24-E24)) -> 6 | L24: =IFERROR(K24/J24,) -> 1.5 | M24: 0428收益期593,635
A25: 做蒸饺时应该怎么和面呢？ | B25: 回答 | C25: 45761 | D25: 7 | E25: 12 | F25: 1059 | G25: 919 | H25: =E25/D25 -> 1.7142857 | I25: =G25/F25 -> 0.86779981 | J25: =F25-IFERROR(VLOOKUP($A25,'0506'!$A$1:'0506'!G$48,6,FALSE),IFERROR(VLOOKUP($C25,'0506'!$C$1:'0506'!G$48,4,FALSE),F25-D25)) -> 2 | K25: =G25-IFERROR(VLOOKUP($A25,'0506'!$A$1:'0506'!H$44,7,FALSE),IFERROR(VLOOKUP($C25,'0506'!$C$1:'0506'!H$44,5,FALSE),G25-E25)) -> 0 | L25: =IFERROR(K25/J25,) -> 0 | M25: 0426收益期1029,907
A26: 茄子除了炒着吃以外，还有什么其他比较健康的烹饪方法？ | B26: 回答 | C26: 45755 | D26: 7 | E26: 6 | F26: 444 | G26: 511 | H26: =E26/D26 -> 0.85714286 | I26: =G26/F26 -> 1.1509009 | J26: =F26-IFERROR(VLOOKUP($A26,'0506'!$A$1:'0506'!G$48,6,FALSE),IFERROR(VLOOKUP($C26,'0506'!$C$1:'0506'!G$48,4,FALSE),F26-D26)) -> 2 | K26: =G26-IFERROR(VLOOKUP($A26,'0506'!$A$1:'0506'!H$44,7,FALSE),IFERROR(VLOOKUP($C26,'0506'!$C$1:'0506'!H$44,5,FALSE),G26-E26)) -> 0 | L26: =IFERROR(K26/J26,) -> 0 | M26: 0428收益期430,505
A27: 家里吃剩的煮鸡蛋，可以用来做花肥吗？ | B27: 回答 | C27: 45751 | D27: 31 | E27: 8 | F27: 182 | G27: 266 | H27: =E27/D27 -> 0.25806452 | I27: =G27/F27 -> 1.4615385 | J27: =F27-IFERROR(VLOOKUP($A27,'0506'!$A$1:'0506'!G$48,6,FALSE),IFERROR(VLOOKUP($C27,'0506'!$C$1:'0506'!G$48,4,FALSE),F27-D27)) -> 9 | K27: =G27-IFERROR(VLOOKUP($A27,'0506'!$A$1:'0506'!H$44,7,FALSE),IFERROR(VLOOKUP($C27,'0506'!$C$1:'0506'!H$44,5,FALSE),G27-E27)) -> 0 | L27: =IFERROR(K27/J27,) -> 0 | M27: 0421收益期134,258
A28: 你们采摘过野外的桑葚么？或者采摘过什么野果野菜？口感怎么样？ | B28: 回答 | C28: 45750 | D28: 6 | E28: 12 | F28: 229 | G28: 542 | H28: =E28/D28 -> 2 | I28: =G28/F28 -> 2.3668122 | J28: =F28-IFERROR(VLOOKUP($A28,'0506'!$A$1:'0506'!G$48,6,FALSE),IFERROR(VLOOKUP($C28,'0506'!$C$1:'0506'!G$48,4,FALSE),F28-D28)) -> 0 | K28: =G28-IFERROR(VLOOKUP($A28,'0506'!$A$1:'0506'!H$44,7,FALSE),IFERROR(VLOOKUP($C28,'0506'!$C$1:'0506'!H$44,5,FALSE),G28-E28)) -> 0 | L28: =IFERROR(K28/J28,) -> 0 | M28: 0426收益期222,530
A29: 钟南山呼吁别再「无效节约」，别让剩饭剩菜伤了胃，剩菜剩饭有哪些危害？生活中还有哪些饮食健康易被忽视？ | B29: 回答 | C29: 45748 | D29: 35 | E29: 5 | F29: 224494 | G29: 10598 | H29: =E29/D29 -> 0.14285714 | I29: =G29/F29 -> 0.047208389 | J29: =F29-IFERROR(VLOOKUP($A29,'0506'!$A$1:'0506'!G$48,6,FALSE),IFERROR(VLOOKUP($C29,'0506'!$C$1:'0506'!G$48,4,FALSE),F29-D29)) -> 4 | K29: =G29-IFERROR(VLOOKUP($A29,'0506'!$A$1:'0506'!H$44,7,FALSE),IFERROR(VLOOKUP($C29,'0506'!$C$1:'0506'!H$44,5,FALSE),G29-E29)) -> 0 | L29: =IFERROR(K29/J29,) -> 0 | M29: 0504收益期22.4万，10593
A30: 谁能提供一个猪肉好吃又简单的做法？ | B30: 回答 | C30: 45743 | D30: 58 | E30: 20 | F30: 4924 | G30: 1996 | H30: =E30/D30 -> 0.34482759 | I30: =G30/F30 -> 0.40536149 | J30: =F30-IFERROR(VLOOKUP($A30,'0506'!$A$1:'0506'!G$48,6,FALSE),IFERROR(VLOOKUP($C30,'0506'!$C$1:'0506'!G$48,4,FALSE),F30-D30)) -> 8 | K30: =G30-IFERROR(VLOOKUP($A30,'0506'!$A$1:'0506'!H$44,7,FALSE),IFERROR(VLOOKUP($C30,'0506'!$C$1:'0506'!H$44,5,FALSE),G30-E30)) -> 0 | L30: =IFERROR(K30/J30,) -> 0 | M30: 0425收益期4799,1976
A31: 牛肉水煮40分钟后，轻微炒2分钟，吃起来还是很硬很柴，问题出在哪里呢？ | B31: 回答 | C31: 45741 | D31: 79 | E31: 10 | F31: 1259 | G31: 687 | H31: =E31/D31 -> 0.12658228 | I31: =G31/F31 -> 0.54567117 | J31: =F31-IFERROR(VLOOKUP($A31,'0506'!$A$1:'0506'!G$48,6,FALSE),IFERROR(VLOOKUP($C31,'0506'!$C$1:'0506'!G$48,4,FALSE),F31-D31)) -> 10 | K31: =G31-IFERROR(VLOOKUP($A31,'0506'!$A$1:'0506'!H$44,7,FALSE),IFERROR(VLOOKUP($C31,'0506'!$C$1:'0506'!H$44,5,FALSE),G31-E31)) -> 0 | L31: =IFERROR(K31/J31,) -> 0 | M31: 0413收益期928，667
A32: 草莓究竟是哪个季节的果实? | B32: 回答 | C32: 45734 | D32: 23 | E32: 5 | F32: 507 | G32: 675 | H32: =E32/D32 -> 0.2173913 | I32: =G32/F32 -> 1.3313609 | J32: =F32-IFERROR(VLOOKUP($A32,'0506'!$A$1:'0506'!G$48,6,FALSE),IFERROR(VLOOKUP($C32,'0506'!$C$1:'0506'!G$48,4,FALSE),F32-D32)) -> 3 | K32: =G32-IFERROR(VLOOKUP($A32,'0506'!$A$1:'0506'!H$44,7,FALSE),IFERROR(VLOOKUP($C32,'0506'!$C$1:'0506'!H$44,5,FALSE),G32-E32)) -> 0 | L32: =IFERROR(K32/J32,) -> 0 | M32: 0503收益期494,670
A33: 长期不吃早餐真的会得胆结石吗？还是危言耸听？ | B33: 回答 | C33: 45720 | D33: 17 | E33: 3 | F33: 374 | G33: 275 | H33: =E33/D33 -> 0.17647059 | I33: =G33/F33 -> 0.73529412 | J33: =F33-IFERROR(VLOOKUP($A33,'0506'!$A$1:'0506'!G$48,6,FALSE),IFERROR(VLOOKUP($C33,'0506'!$C$1:'0506'!G$48,4,FALSE),F33-D33)) -> 0 | K33: =G33-IFERROR(VLOOKUP($A33,'0506'!$A$1:'0506'!H$44,7,FALSE),IFERROR(VLOOKUP($C33,'0506'!$C$1:'0506'!H$44,5,FALSE),G33-E33)) -> 0 | L33: =IFERROR(K33/J33,) -> 0 | M33: 0406收益期290,272
A34: 油炸食物很香，哪些蔬菜适合油炸且非常好吃？ | B34: 回答 | C34: 45719 | D34: 6 | E34: 10 | F34: 380 | G34: 657 | H34: =E34/D34 -> 1.6666667 | I34: =G34/F34 -> 1.7289474 | J34: =F34-IFERROR(VLOOKUP($A34,'0506'!$A$1:'0506'!G$48,6,FALSE),IFERROR(VLOOKUP($C34,'0506'!$C$1:'0506'!G$48,4,FALSE),F34-D34)) -> 0 | K34: =G34-IFERROR(VLOOKUP($A34,'0506'!$A$1:'0506'!H$44,7,FALSE),IFERROR(VLOOKUP($C34,'0506'!$C$1:'0506'!H$44,5,FALSE),G34-E34)) -> 0 | L34: =IFERROR(K34/J34,) -> 0 | M34: 0403收益期359,647
A35: 早餐吃什么最好？是牛奶还是面包？ | B35: 回答 | C35: 45713 | D35: 6 | E35: 31 | F35: 226 | G35: 589 | H35: =E35/D35 -> 5.1666667 | I35: =G35/F35 -> 2.6061947 | J35: =F35-IFERROR(VLOOKUP($A35,'0506'!$A$1:'0506'!G$48,6,FALSE),IFERROR(VLOOKUP($C35,'0506'!$C$1:'0506'!G$48,4,FALSE),F35-D35)) -> 0 | K35: =G35-IFERROR(VLOOKUP($A35,'0506'!$A$1:'0506'!H$44,7,FALSE),IFERROR(VLOOKUP($C35,'0506'!$C$1:'0506'!H$44,5,FALSE),G35-E35)) -> 0 | L35: =IFERROR(K35/J35,) -> 0 | M35: 0402收益期203,558
K36: =SUM(K2:K35) -> 459

Sheet 0508
A1: 内容 | B1: 内容类型 | C1: 内容发布时间 | D1: 本期阅读量 | E1: 本期收益 | F1: 累计阅读量 | G1: 累计收益 | J1: 新增浏览 | K1: 新增收益
A2: 大神们，这是什么鸟下的蛋？ | B2: 回答 | C2: 45784 | D2: 140 | E2: 306 | F2: 140 | G2: 306 | H2: =E2/D2 -> 2.1857143 | I2: =G2/F2 -> 2.1857143 | J2: =F2-IFERROR(VLOOKUP($A2,'0507'!$A$1:'0507'!G$48,6,FALSE),IFERROR(VLOOKUP($C2,'0507'!$C$1:'0507'!G$48,4,FALSE),F2-D2)) -> 140 | K2: =G2-IFERROR(VLOOKUP($A2,'0507'!$A$1:'0507'!H$44,7,FALSE),IFERROR(VLOOKUP($C2,'0507'!$C$1:'0507'!H$44,5,FALSE),G2-E2)) -> 306 | L2: =IFERROR(K2/J2,) -> 2.1857143
A3: 如何判断鸡蛋是否坏掉了？ | B3: 回答 | C3: 45783 | D3: 136 | E3: 200 | F3: 136 | G3: 200 | H3: =E3/D3 -> 1.4705882 | I3: =G3/F3 -> 1.4705882 | J3: =F3-IFERROR(VLOOKUP($A3,'0507'!$A$1:'0507'!G$48,6,FALSE),IFERROR(VLOOKUP($C3,'0507'!$C$1:'0507'!G$48,4,FALSE),F3-D3)) -> 54 | K3: =G3-IFERROR(VLOOKUP($A3,'0507'!$A$1:'0507'!H$44,7,FALSE),IFERROR(VLOOKUP($C3,'0507'!$C$1:'0507'!H$44,5,FALSE),G3-E3)) -> 86 | L3: =IFERROR(K3/J3,) -> 1.5925926
A4: 现在还有马嘛？村子卖得马肉不会是骡子肉吧❓️❓️❓️? | B4: 回答 | C4: 45783 | D4: 112 | E4: 203 | F4: 112 | G4: 203 | H4: =E4/D4 -> 1.8125 | I4: =G4/F4 -> 1.8125 | J4: =F4-IFERROR(VLOOKUP($A4,'0507'!$A$1:'0507'!G$48,6,FALSE),IFERROR(VLOOKUP($C4,'0507'!$C$1:'0507'!G$48,4,FALSE),F4-D4)) -> 23 | K4: =G4-IFERROR(VLOOKUP($A4,'0507'!$A$1:'0507'!H$44,7,FALSE),IFERROR(VLOOKUP($C4,'0507'!$C$1:'0507'!H$44,5,FALSE),G4-E4)) -> 58 | L4: =IFERROR(K4/J4,) -> 2.5217391
A5: 为什么草莓不容易活？ | B5: 回答 | C5: 45782 | D5: 253 | E5: 204 | F5: 253 | G5: 204 | H5: =E5/D5 -> 0.80632411 | I5: =G5/F5 -> 0.80632411 | J5: =F5-IFERROR(VLOOKUP($A5,'0507'!$A$1:'0507'!G$48,6,FALSE),IFERROR(VLOOKUP($C5,'0507'!$C$1:'0507'!G$48,4,FALSE),F5-D5)) -> 56 | K5: =G5-IFERROR(VLOOKUP($A5,'0507'!$A$1:'0507'!H$44,7,FALSE),IFERROR(VLOOKUP($C5,'0507'!$C$1:'0507'!H$44,5,FALSE),G5-E5)) -> 21 | L5: =IFERROR(K5/J5,) -> 0.375
A6: 有人见过路边这种果实么？ | B6: 回答 | C6: 45781 | D6: 231 | E6: 584 | F6: 231 | G6: 584 | H6: =E6/D6 -> 2.5281385 | I6: =G6/F6 -> 2.5281385 | J6: =F6-IFERROR(VLOOKUP($A6,'0507'!$A$1:'0507'!G$48,6,FALSE),IFERROR(VLOOKUP($C6,'0507'!$C$1:'0507'!G$48,4,FALSE),F6-D6)) -> 62 | K6: =G6-IFERROR(VLOOKUP($A6,'0507'!$A$1:'0507'!H$44,7,FALSE),IFERROR(VLOOKUP($C6,'0507'!$C$1:'0507'!H$44,5,FALSE),G6-E6)) -> 38 | L6: =IFERROR(K6/J6,) -> 0.61290323
A7: 明明白面是由小麦制成的，为什么很多老人80年代后才吃得起白面馒头？ | B7: 回答 | C7: 45780 | D7: 1133 | E7: 525 | F7: 1133 | G7: 525 | H7: =E7/D7 -> 0.46337158 | I7: =G7/F7 -> 0.46337158 | J7: =F7-IFERROR(VLOOKUP($A7,'0507'!$A$1:'0507'!G$48,6,FALSE),IFERROR(VLOOKUP($C7,'0507'!$C$1:'0507'!G$48,4,FALSE),F7-D7)) -> 41 | K7: =G7-IFERROR(VLOOKUP($A7,'0507'!$A$1:'0507'!H$44,7,FALSE),IFERROR(VLOOKUP($C7,'0507'!$C$1:'0507'!H$44,5,FALSE),G7-E7)) -> 12 | L7: =IFERROR(K7/J7,) -> 0.29268293
A8: 自己种的都忘了，请问这个是什么果树? | B8: 回答 | C8: 45779 | D8: 171 | E8: 147 | F8: 171 | G8: 147 | H8: =E8/D8 -> 0.85964912 | I8: =G8/F8 -> 0.85964912 | J8: =F8-IFERROR(VLOOKUP($A8,'0507'!$A$1:'0507'!G$48,6,FALSE),IFERROR(VLOOKUP($C8,'0507'!$C$1:'0507'!G$48,4,FALSE),F8-D8)) -> 5 | K8: =G8-IFERROR(VLOOKUP($A8,'0507'!$A$1:'0507'!H$44,7,FALSE),IFERROR(VLOOKUP($C8,'0507'!$C$1:'0507'!H$44,5,FALSE),G8-E8)) -> 8 | L8: =IFERROR(K8/J8,) -> 1.6
A9: 前几天养了四只小鸡，一只死了。还剩三只鸡，其中的一只鸡又被其它两只小鸡把屁眼那块啄的血琳琳，啥原因？ | B9: 回答 | C9: 45778 | D9: 375 | E9: 168 | F9: 375 | G9: 168 | H9: =E9/D9 -> 0.448 | I9: =G9/F9 -> 0.448 | J9: =F9-IFERROR(VLOOKUP($A9,'0507'!$A$1:'0507'!G$48,6,FALSE),IFERROR(VLOOKUP($C9,'0507'!$C$1:'0507'!G$48,4,FALSE),F9-D9)) -> 7 | K9: =G9-IFERROR(VLOOKUP($A9,'0507'!$A$1:'0507'!H$44,7,FALSE),IFERROR(VLOOKUP($C9,'0507'!$C$1:'0507'!H$44,5,FALSE),G9-E9)) -> 14 | L9: =IFERROR(K9/J9,) -> 2
A10: 请问在不破坏树的情况下怎么把树皮腐蚀下来一点，不让大树压到房子? | B10: 回答 | C10: 45777 | D10: 144 | E10: 78 | F10: 236 | G10: 304 | H10: =E10/D10 -> 0.54166667 | I10: =G10/F10 -> 1.2881356 | J10: =F10-IFERROR(VLOOKUP($A10,'0507'!$A$1:'0507'!G$48,6,FALSE),IFERROR(VLOOKUP($C10,'0507'!$C$1:'0507'!G$48,4,FALSE),F10-D10)) -> 6 | K10: =G10-IFERROR(VLOOKUP($A10,'0507'!$A$1:'0507'!H$44,7,FALSE),IFERROR(VLOOKUP($C10,'0507'!$C$1:'0507'!H$44,5,FALSE),G10-E10)) -> 14 | L10: =IFERROR(K10/J10,) -> 2.3333333 | M10: 0508荐238,32,11,3,1
A11: 香椿的功效与作用是什么呢？ | B11: 回答 | C11: 45777 | D11: 84 | E11: 462 | F11: 145 | G11: 627 | H11: =E11/D11 -> 5.5 | I11: =G11/F11 -> 4.3241379 | J11: =F11-IFERROR(VLOOKUP($A11,'0507'!$A$1:'0507'!G$48,6,FALSE),IFERROR(VLOOKUP($C11,'0507'!$C$1:'0507'!G$48,4,FALSE),F11-D11)) -> 11 | K11: =G11-IFERROR(VLOOKUP($A11,'0507'!$A$1:'0507'!H$44,7,FALSE),IFERROR(VLOOKUP($C11,'0507'!$C$1:'0507'!H$44,5,FALSE),G11-E11)) -> 64 | L11: =IFERROR(K11/J11,) -> 5.8181818 | M11: 0502顶78,26,10,4，2
A12: 人一天到底要吃多少，才不会太多也不会太少？ | B12: 回答 | C12: 45776 | D12: 297 | E12: 29 | F12: 647 | G12: 397 | H12: =E12/D12 -> 0.097643098 | I12: =G12/F12 -> 0.61360124 | J12: =F12-IFERROR(VLOOKUP($A12,'0507'!$A$1:'0507'!G$48,6,FALSE),IFERROR(VLOOKUP($C12,'0507'!$C$1:'0507'!G$48,4,FALSE),F12-D12)) -> 6 | K12: =G12-IFERROR(VLOOKUP($A12,'0507'!$A$1:'0507'!H$44,7,FALSE),IFERROR(VLOOKUP($C12,'0507'!$C$1:'0507'!H$44,5,FALSE),G12-E12)) -> 4 | L12: =IFERROR(K12/J12,) -> 0.66666667
A13: 同样的时间，为什么早上煮的菜晚上可以吃，但晚上煮的菜第二天早上就叫隔夜菜，吃了就不利于健康呢？ | B13: 回答 | C13: 45775 | D13: 47 | E13: 34 | F13: 247 | G13: 311 | H13: =E13/D13 -> 0.72340426 | I13: =G13/F13 -> 1.2591093 | J13: =F13-IFERROR(VLOOKUP($A13,'0507'!$A$1:'0507'!G$48,6,FALSE),IFERROR(VLOOKUP($C13,'0507'!$C$1:'0507'!G$48,4,FALSE),F13-D13)) -> 5 | K13: =G13-IFERROR(VLOOKUP($A13,'0507'!$A$1:'0507'!H$44,7,FALSE),IFERROR(VLOOKUP($C13,'0507'!$C$1:'0507'!H$44,5,FALSE),G13-E13)) -> 0 | L13: =IFERROR(K13/J13,) -> 0
A14: 有人说一周吃四个鸡蛋就够了，有人说每天一个鸡蛋最好，到底哪种说法更合适？ | B14: 回答 | C14: 45774 | D14: 35 | E14: 8 | F14: 407 | G14: 371 | H14: =E14/D14 -> 0.22857143 | I14: =G14/F14 -> 0.91154791 | J14: =F14-IFERROR(VLOOKUP($A14,'0507'!$A$1:'0507'!G$48,6,FALSE),IFERROR(VLOOKUP($C14,'0507'!$C$1:'0507'!G$48,4,FALSE),F14-D14)) -> 1 | K14: =G14-IFERROR(VLOOKUP($A14,'0507'!$A$1:'0507'!H$44,7,FALSE),IFERROR(VLOOKUP($C14,'0507'!$C$1:'0507'!H$44,5,FALSE),G14-E14)) -> 0 | L14: =IFERROR(K14/J14,) -> 0
A15: 酸菜炖大骨头好吃的做法有哪些？ | B15: 回答 | C15: 45773 | D15: 12 | E15: 6 | F15: 227 | G15: 247 | H15: =E15/D15 -> 0.5 | I15: =G15/F15 -> 1.0881057 | J15: =F15-IFERROR(VLOOKUP($A15,'0507'!$A$1:'0507'!G$48,6,FALSE),IFERROR(VLOOKUP($C15,'0507'!$C$1:'0507'!G$48,4,FALSE),F15-D15)) -> 1 | K15: =G15-IFERROR(VLOOKUP($A15,'0507'!$A$1:'0507'!H$44,7,FALSE),IFERROR(VLOOKUP($C15,'0507'!$C$1:'0507'!H$44,5,FALSE),G15-E15)) -> 0 | L15: =IFERROR(K15/J15,) -> 0
A16: 两杯水中，一杯其中加盐鸡蛋会怎么样？ | B16: 回答 | C16: 45772 | D16: 79 | E16: 150 | F16: 203 | G16: 612 | H16: =E16/D16 -> 1.8987342 | I16: =G16/F16 -> 3.0147783 | J16: =F16-IFERROR(VLOOKUP($A16,'0507'!$A$1:'0507'!G$48,6,FALSE),IFERROR(VLOOKUP($C16,'0507'!$C$1:'0507'!G$48,4,FALSE),F16-D16)) -> 5 | K16: =G16-IFERROR(VLOOKUP($A16,'0507'!$A$1:'0507'!H$44,7,FALSE),IFERROR(VLOOKUP($C16,'0507'!$C$1:'0507'!H$44,5,FALSE),G16-E16)) -> 0 | L16: =IFERROR(K16/J16,) -> 0 | M16: 0430顶99,23,26,2,1
A17: 煎鱼总粘锅破皮是物理问题还是技术问题？家庭厨房如何彻底解决？ | B17: 回答 | C17: 45771 | D17: 17 | E17: 6 | F17: 201 | G17: 183 | H17: =E17/D17 -> 0.35294118 | I17: =G17/F17 -> 0.91044776 | J17: =F17-IFERROR(VLOOKUP($A17,'0507'!$A$1:'0507'!G$48,6,FALSE),IFERROR(VLOOKUP($C17,'0507'!$C$1:'0507'!G$48,4,FALSE),F17-D17)) -> 4 | K17: =G17-IFERROR(VLOOKUP($A17,'0507'!$A$1:'0507'!H$44,7,FALSE),IFERROR(VLOOKUP($C17,'0507'!$C$1:'0507'!H$44,5,FALSE),G17-E17)) -> 0 | L17: =IFERROR(K17/J17,) -> 0
A18: 蝴蝶兰花茎为啥这么粗壮？ | B18: 回答 | C18: 45771 | D18: 43 | E18: 4 | F18: 199 | G18: 125 | H18: =E18/D18 -> 0.093023256 | I18: =G18/F18 -> 0.6281407 | J18: =F18-IFERROR(VLOOKUP($A18,'0507'!$A$1:'0507'!G$48,6,FALSE),IFERROR(VLOOKUP($C18,'0507'!$C$1:'0507'!G$48,4,FALSE),F18-D18)) -> 11 | K18: =G18-IFERROR(VLOOKUP($A18,'0507'!$A$1:'0507'!H$44,7,FALSE),IFERROR(VLOOKUP($C18,'0507'!$C$1:'0507'!H$44,5,FALSE),G18-E18)) -> 0 | L18: =IFERROR(K18/J18,) -> 0
A19: 大树被锯掉树冠还能发芽吗？ | B19: 回答 | C19: 45764 | D19: 51 | E19: 21 | F19: 393 | G19: 282 | H19: =E19/D19 -> 0.41176471 | I19: =G19/F19 -> 0.71755725 | J19: =F19-IFERROR(VLOOKUP($A19,'0507'!$A$1:'0507'!G$48,6,FALSE),IFERROR(VLOOKUP($C19,'0507'!$C$1:'0507'!G$48,4,FALSE),F19-D19)) -> 10 | K19: =G19-IFERROR(VLOOKUP($A19,'0507'!$A$1:'0507'!H$44,7,FALSE),IFERROR(VLOOKUP($C19,'0507'!$C$1:'0507'!H$44,5,FALSE),G19-E19)) -> 0 | L19: =IFERROR(K19/J19,) -> 0
A20: 请问在食堂打饭时一两米饭指的是熟重一两还是生重一两? | B20: 回答 | C20: 45762 | D20: 18 | E20: 6 | F20: 613 | G20: 647 | H20: =E20/D20 -> 0.33333333 | I20: =G20/F20 -> 1.0554649 | J20: =F20-IFERROR(VLOOKUP($A20,'0507'!$A$1:'0507'!G$48,6,FALSE),IFERROR(VLOOKUP($C20,'0507'!$C$1:'0507'!G$48,4,FALSE),F20-D20)) -> 6 | K20: =G20-IFERROR(VLOOKUP($A20,'0507'!$A$1:'0507'!H$44,7,FALSE),IFERROR(VLOOKUP($C20,'0507'!$C$1:'0507'!H$44,5,FALSE),G20-E20)) -> 0 | L20: =IFERROR(K20/J20,) -> 0 | M20: 0428收益期593,635
A21: 做蒸饺时应该怎么和面呢？ | B21: 回答 | C21: 45761 | D21: 9 | E21: 38 | F21: 1063 | G21: 951 | H21: =E21/D21 -> 4.2222222 | I21: =G21/F21 -> 0.89463782 | J21: =F21-IFERROR(VLOOKUP($A21,'0507'!$A$1:'0507'!G$48,6,FALSE),IFERROR(VLOOKUP($C21,'0507'!$C$1:'0507'!G$48,4,FALSE),F21-D21)) -> 4 | K21: =G21-IFERROR(VLOOKUP($A21,'0507'!$A$1:'0507'!H$44,7,FALSE),IFERROR(VLOOKUP($C21,'0507'!$C$1:'0507'!H$44,5,FALSE),G21-E21)) -> 32 | L21: =IFERROR(K21/J21,) -> 8 | M21: 0426收益期1029,907
A22: 茄子除了炒着吃以外，还有什么其他比较健康的烹饪方法？ | B22: 回答 | C22: 45755 | D22: 7 | E22: 6 | F22: 445 | G22: 511 | H22: =E22/D22 -> 0.85714286 | I22: =G22/F22 -> 1.1483146 | J22: =F22-IFERROR(VLOOKUP($A22,'0507'!$A$1:'0507'!G$48,6,FALSE),IFERROR(VLOOKUP($C22,'0507'!$C$1:'0507'!G$48,4,FALSE),F22-D22)) -> 1 | K22: =G22-IFERROR(VLOOKUP($A22,'0507'!$A$1:'0507'!H$44,7,FALSE),IFERROR(VLOOKUP($C22,'0507'!$C$1:'0507'!H$44,5,FALSE),G22-E22)) -> 0 | L22: =IFERROR(K22/J22,) -> 0 | M22: 0428收益期430,505
A23: 家里吃剩的煮鸡蛋，可以用来做花肥吗？ | B23: 回答 | C23: 45751 | D23: 31 | E23: 8 | F23: 184 | G23: 266 | H23: =E23/D23 -> 0.25806452 | I23: =G23/F23 -> 1.4456522 | J23: =F23-IFERROR(VLOOKUP($A23,'0507'!$A$1:'0507'!G$48,6,FALSE),IFERROR(VLOOKUP($C23,'0507'!$C$1:'0507'!G$48,4,FALSE),F23-D23)) -> 2 | K23: =G23-IFERROR(VLOOKUP($A23,'0507'!$A$1:'0507'!H$44,7,FALSE),IFERROR(VLOOKUP($C23,'0507'!$C$1:'0507'!H$44,5,FALSE),G23-E23)) -> 0 | L23: =IFERROR(K23/J23,) -> 0 | M23: 0421收益期134,258
A24: 钟南山呼吁别再「无效节约」，别让剩饭剩菜伤了胃，剩菜剩饭有哪些危害？生活中还有哪些饮食健康易被忽视？ | B24: 回答 | C24: 45748 | D24: 37 | E24: 5 | F24: 224497 | G24: 10598 | H24: =E24/D24 -> 0.13513514 | I24: =G24/F24 -> 0.047207758 | J24: =F24-IFERROR(VLOOKUP($A24,'0507'!$A$1:'0507'!G$48,6,FALSE),IFERROR(VLOOKUP($C24,'0507'!$C$1:'0507'!G$48,4,FALSE),F24-D24)) -> 3 | K24: =G24-IFERROR(VLOOKUP($A24,'0507'!$A$1:'0507'!H$44,7,FALSE),IFERROR(VLOOKUP($C24,'0507'!$C$1:'0507'!H$44,5,FALSE),G24-E24)) -> 0 | L24: =IFERROR(K24/J24,) -> 0 | M24: 0504收益期22.4万，10593
A25: 谁能提供一个猪肉好吃又简单的做法？ | B25: 回答 | C25: 45743 | D25: 72 | E25: 15 | F25: 4948 | G25: 2001 | H25: =E25/D25 -> 0.20833333 | I25: =G25/F25 -> 0.40440582 | J25: =F25-IFERROR(VLOOKUP($A25,'0507'!$A$1:'0507'!G$48,6,FALSE),IFERROR(VLOOKUP($C25,'0507'!$C$1:'0507'!G$48,4,FALSE),F25-D25)) -> 24 | K25: =G25-IFERROR(VLOOKUP($A25,'0507'!$A$1:'0507'!H$44,7,FALSE),IFERROR(VLOOKUP($C25,'0507'!$C$1:'0507'!H$44,5,FALSE),G25-E25)) -> 5 | L25: =IFERROR(K25/J25,) -> 0.20833333 | M25: 0425收益期4799,1976
A26: 牛肉水煮40分钟后，轻微炒2分钟，吃起来还是很硬很柴，问题出在哪里呢？ | B26: 回答 | C26: 45741 | D26: 89 | E26: 15 | F26: 1282 | G26: 692 | H26: =E26/D26 -> 0.16853933 | I26: =G26/F26 -> 0.53978159 | J26: =F26-IFERROR(VLOOKUP($A26,'0507'!$A$1:'0507'!G$48,6,FALSE),IFERROR(VLOOKUP($C26,'0507'!$C$1:'0507'!G$48,4,FALSE),F26-D26)) -> 23 | K26: =G26-IFERROR(VLOOKUP($A26,'0507'!$A$1:'0507'!H$44,7,FALSE),IFERROR(VLOOKUP($C26,'0507'!$C$1:'0507'!H$44,5,FALSE),G26-E26)) -> 5 | L26: =IFERROR(K26/J26,) -> 0.2173913 | M26: 0413收益期928，667
A27: 从外面买的饺子皮用不完该怎么吃才好吃? | B27: 回答 | C27: 45739 | D27: 3 | E27: 10 | F27: 277 | G27: 664 | H27: =E27/D27 -> 3.3333333 | I27: =G27/F27 -> 2.3971119 | J27: =F27-IFERROR(VLOOKUP($A27,'0507'!$A$1:'0507'!G$48,6,FALSE),IFERROR(VLOOKUP($C27,'0507'!$C$1:'0507'!G$48,4,FALSE),F27-D27)) -> 3 | K27: =G27-IFERROR(VLOOKUP($A27,'0507'!$A$1:'0507'!H$44,7,FALSE),IFERROR(VLOOKUP($C27,'0507'!$C$1:'0507'!H$44,5,FALSE),G27-E27)) -> 10 | L27: =IFERROR(K27/J27,) -> 3.3333333 | M27: 0407收益期246,648 | N27: 0420收益期257，654
A28: 草莓究竟是哪个季节的果实? | B28: 回答 | C28: 45734 | D28: 21 | E28: 5 | F28: 509 | G28: 675 | H28: =E28/D28 -> 0.23809524 | I28: =G28/F28 -> 1.3261297 | J28: =F28-IFERROR(VLOOKUP($A28,'0507'!$A$1:'0507'!G$48,6,FALSE),IFERROR(VLOOKUP($C28,'0507'!$C$1:'0507'!G$48,4,FALSE),F28-D28)) -> 2 | K28: =G28-IFERROR(VLOOKUP($A28,'0507'!$A$1:'0507'!H$44,7,FALSE),IFERROR(VLOOKUP($C28,'0507'!$C$1:'0507'!H$44,5,FALSE),G28-E28)) -> 0 | L28: =IFERROR(K28/J28,) -> 0 | M28: 0503收益期494,670
A29: 长期不吃早餐真的会得胆结石吗？还是危言耸听？ | B29: 回答 | C29: 45720 | D29: 17 | E29: 9 | F29: 375 | G29: 281 | H29: =E29/D29 -> 0.52941176 | I29: =G29/F29 -> 0.74933333 | J29: =F29-IFERROR(VLOOKUP($A29,'0507'!$A$1:'0507'!G$48,6,FALSE),IFERROR(VLOOKUP($C29,'0507'!$C$1:'0507'!G$48,4,FALSE),F29-D29)) -> 1 | K29: =G29-IFERROR(VLOOKUP($A29,'0507'!$A$1:'0507'!H$44,7,FALSE),IFERROR(VLOOKUP($C29,'0507'!$C$1:'0507'!H$44,5,FALSE),G29-E29)) -> 6 | L29: =IFERROR(K29/J29,) -> 6 | M29: 0406收益期290,272
K30: =SUM(K2:K29) -> 683

Sheet 0509
A1: 内容 | B1: 内容类型 | C1: 内容发布时间 | D1: 本期阅读量 | E1: 本期收益 | F1: 累计阅读量 | G1: 累计收益 | J1: 新增浏览 | K1: 新增收益
A2: 请问下是什么树，几年前家里人买的，一直放在天台，现在开始结果了? | B2: 回答 | C2: 45785 | D2: 193 | E2: 162 | F2: 193 | G2: 162 | H2: =E2/D2 -> 0.83937824 | I2: =G2/F2 -> 0.83937824 | J2: =F2-IFERROR(VLOOKUP($A2,'0508'!$A$1:'0508'!G$48,6,FALSE),IFERROR(VLOOKUP($C2,'0508'!$C$1:'0508'!G$48,4,FALSE),F2-D2)) -> 193 | K2: =G2-IFERROR(VLOOKUP($A2,'0508'!$A$1:'0508'!H$44,7,FALSE),IFERROR(VLOOKUP($C2,'0508'!$C$1:'0508'!H$44,5,FALSE),G2-E2)) -> 162 | L2: =IFERROR(K2/J2,) -> 0.83937824
A3: 大神们，这是什么鸟下的蛋？ | B3: 回答 | C3: 45784 | D3: 285 | E3: 608 | F3: 285 | G3: 608 | H3: =E3/D3 -> 2.1333333 | I3: =G3/F3 -> 2.1333333 | J3: =F3-IFERROR(VLOOKUP($A3,'0508'!$A$1:'0508'!G$48,6,FALSE),IFERROR(VLOOKUP($C3,'0508'!$C$1:'0508'!G$48,4,FALSE),F3-D3)) -> 145 | K3: =G3-IFERROR(VLOOKUP($A3,'0508'!$A$1:'0508'!H$44,7,FALSE),IFERROR(VLOOKUP($C3,'0508'!$C$1:'0508'!H$44,5,FALSE),G3-E3)) -> 302 | L3: =IFERROR(K3/J3,) -> 2.0827586
A4: 如何判断鸡蛋是否坏掉了？ | B4: 回答 | C4: 45783 | D4: 161 | E4: 204 | F4: 161 | G4: 204 | H4: =E4/D4 -> 1.2670807 | I4: =G4/F4 -> 1.2670807 | J4: =F4-IFERROR(VLOOKUP($A4,'0508'!$A$1:'0508'!G$48,6,FALSE),IFERROR(VLOOKUP($C4,'0508'!$C$1:'0508'!G$48,4,FALSE),F4-D4)) -> 25 | K4: =G4-IFERROR(VLOOKUP($A4,'0508'!$A$1:'0508'!H$44,7,FALSE),IFERROR(VLOOKUP($C4,'0508'!$C$1:'0508'!H$44,5,FALSE),G4-E4)) -> 4 | L4: =IFERROR(K4/J4,) -> 0.16
A5: 现在还有马嘛？村子卖得马肉不会是骡子肉吧❓️❓️❓️? | B5: 回答 | C5: 45783 | D5: 127 | E5: 203 | F5: 127 | G5: 203 | H5: =E5/D5 -> 1.5984252 | I5: =G5/F5 -> 1.5984252 | J5: =F5-IFERROR(VLOOKUP($A5,'0508'!$A$1:'0508'!G$48,6,FALSE),IFERROR(VLOOKUP($C5,'0508'!$C$1:'0508'!G$48,4,FALSE),F5-D5)) -> 15 | K5: =G5-IFERROR(VLOOKUP($A5,'0508'!$A$1:'0508'!H$44,7,FALSE),IFERROR(VLOOKUP($C5,'0508'!$C$1:'0508'!H$44,5,FALSE),G5-E5)) -> 0 | L5: =IFERROR(K5/J5,) -> 0
A6: 为什么草莓不容易活？ | B6: 回答 | C6: 45782 | D6: 296 | E6: 208 | F6: 296 | G6: 208 | H6: =E6/D6 -> 0.7027027 | I6: =G6/F6 -> 0.7027027 | J6: =F6-IFERROR(VLOOKUP($A6,'0508'!$A$1:'0508'!G$48,6,FALSE),IFERROR(VLOOKUP($C6,'0508'!$C$1:'0508'!G$48,4,FALSE),F6-D6)) -> 43 | K6: =G6-IFERROR(VLOOKUP($A6,'0508'!$A$1:'0508'!H$44,7,FALSE),IFERROR(VLOOKUP($C6,'0508'!$C$1:'0508'!H$44,5,FALSE),G6-E6)) -> 4 | L6: =IFERROR(K6/J6,) -> 0.093023256
A7: 有人见过路边这种果实么？ | B7: 回答 | C7: 45781 | D7: 239 | E7: 609 | F7: 239 | G7: 609 | H7: =E7/D7 -> 2.5481172 | I7: =G7/F7 -> 2.5481172 | J7: =F7-IFERROR(VLOOKUP($A7,'0508'!$A$1:'0508'!G$48,6,FALSE),IFERROR(VLOOKUP($C7,'0508'!$C$1:'0508'!G$48,4,FALSE),F7-D7)) -> 8 | K7: =G7-IFERROR(VLOOKUP($A7,'0508'!$A$1:'0508'!H$44,7,FALSE),IFERROR(VLOOKUP($C7,'0508'!$C$1:'0508'!H$44,5,FALSE),G7-E7)) -> 25 | L7: =IFERROR(K7/J7,) -> 3.125
A8: 明明白面是由小麦制成的，为什么很多老人80年代后才吃得起白面馒头？ | B8: 回答 | C8: 45780 | D8: 1172 | E8: 537 | F8: 1172 | G8: 537 | H8: =E8/D8 -> 0.45819113 | I8: =G8/F8 -> 0.45819113 | J8: =F8-IFERROR(VLOOKUP($A8,'0508'!$A$1:'0508'!G$48,6,FALSE),IFERROR(VLOOKUP($C8,'0508'!$C$1:'0508'!G$48,4,FALSE),F8-D8)) -> 39 | K8: =G8-IFERROR(VLOOKUP($A8,'0508'!$A$1:'0508'!H$44,7,FALSE),IFERROR(VLOOKUP($C8,'0508'!$C$1:'0508'!H$44,5,FALSE),G8-E8)) -> 12 | L8: =IFERROR(K8/J8,) -> 0.30769231
A9: 自己种的都忘了，请问这个是什么果树? | B9: 回答 | C9: 45779 | D9: 176 | E9: 147 | F9: 176 | G9: 147 | H9: =E9/D9 -> 0.83522727 | I9: =G9/F9 -> 0.83522727 | J9: =F9-IFERROR(VLOOKUP($A9,'0508'!$A$1:'0508'!G$48,6,FALSE),IFERROR(VLOOKUP($C9,'0508'!$C$1:'0508'!G$48,4,FALSE),F9-D9)) -> 5 | K9: =G9-IFERROR(VLOOKUP($A9,'0508'!$A$1:'0508'!H$44,7,FALSE),IFERROR(VLOOKUP($C9,'0508'!$C$1:'0508'!H$44,5,FALSE),G9-E9)) -> 0 | L9: =IFERROR(K9/J9,) -> 0
A10: 前几天养了四只小鸡，一只死了。还剩三只鸡，其中的一只鸡又被其它两只小鸡把屁眼那块啄的血琳琳，啥原因？ | B10: 回答 | C10: 45778 | D10: 96 | E10: 42 | F10: 378 | G10: 168 | H10: =E10/D10 -> 0.4375 | I10: =G10/F10 -> 0.44444444 | J10: =F10-IFERROR(VLOOKUP($A10,'0508'!$A$1:'0508'!G$48,6,FALSE),IFERROR(VLOOKUP($C10,'0508'!$C$1:'0508'!G$48,4,FALSE),F10-D10)) -> 3 | K10: =G10-IFERROR(VLOOKUP($A10,'0508'!$A$1:'0508'!H$44,7,FALSE),IFERROR(VLOOKUP($C10,'0508'!$C$1:'0508'!H$44,5,FALSE),G10-E10)) -> 0 | L10: =IFERROR(K10/J10,) -> 0
A11: 请问在不破坏树的情况下怎么把树皮腐蚀下来一点，不让大树压到房子? | B11: 回答 | C11: 45777 | D11: 96 | E11: 28 | F11: 239 | G11: 304 | H11: =E11/D11 -> 0.29166667 | I11: =G11/F11 -> 1.2719665 | J11: =F11-IFERROR(VLOOKUP($A11,'0508'!$A$1:'0508'!G$48,6,FALSE),IFERROR(VLOOKUP($C11,'0508'!$C$1:'0508'!G$48,4,FALSE),F11-D11)) -> 3 | K11: =G11-IFERROR(VLOOKUP($A11,'0508'!$A$1:'0508'!H$44,7,FALSE),IFERROR(VLOOKUP($C11,'0508'!$C$1:'0508'!H$44,5,FALSE),G11-E11)) -> 0 | L11: =IFERROR(K11/J11,) -> 0 | M11: 0508荐238,32,11,3,1
A12: 香椿的功效与作用是什么呢？ | B12: 回答 | C12: 45777 | D12: 80 | E12: 468 | F12: 158 | G12: 678 | H12: =E12/D12 -> 5.85 | I12: =G12/F12 -> 4.2911392 | J12: =F12-IFERROR(VLOOKUP($A12,'0508'!$A$1:'0508'!G$48,6,FALSE),IFERROR(VLOOKUP($C12,'0508'!$C$1:'0508'!G$48,4,FALSE),F12-D12)) -> 13 | K12: =G12-IFERROR(VLOOKUP($A12,'0508'!$A$1:'0508'!H$44,7,FALSE),IFERROR(VLOOKUP($C12,'0508'!$C$1:'0508'!H$44,5,FALSE),G12-E12)) -> 51 | L12: =IFERROR(K12/J12,) -> 3.9230769 | M12: 0502顶78,26,10,4，2
A13: 人一天到底要吃多少，才不会太多也不会太少？ | B13: 回答 | C13: 45776 | D13: 218 | E13: 8 | F13: 663 | G13: 397 | H13: =E13/D13 -> 0.036697248 | I13: =G13/F13 -> 0.59879336 | J13: =F13-IFERROR(VLOOKUP($A13,'0508'!$A$1:'0508'!G$48,6,FALSE),IFERROR(VLOOKUP($C13,'0508'!$C$1:'0508'!G$48,4,FALSE),F13-D13)) -> 16 | K13: =G13-IFERROR(VLOOKUP($A13,'0508'!$A$1:'0508'!H$44,7,FALSE),IFERROR(VLOOKUP($C13,'0508'!$C$1:'0508'!H$44,5,FALSE),G13-E13)) -> 0 | L13: =IFERROR(K13/J13,) -> 0
A14: 同样的时间，为什么早上煮的菜晚上可以吃，但晚上煮的菜第二天早上就叫隔夜菜，吃了就不利于健康呢？ | B14: 回答 | C14: 45775 | D14: 29 | E14: 17 | F14: 248 | G14: 311 | H14: =E14/D14 -> 0.5862069 | I14: =G14/F14 -> 1.2540323 | J14: =F14-IFERROR(VLOOKUP($A14,'0508'!$A$1:'0508'!G$48,6,FALSE),IFERROR(VLOOKUP($C14,'0508'!$C$1:'0508'!G$48,4,FALSE),F14-D14)) -> 1 | K14: =G14-IFERROR(VLOOKUP($A14,'0508'!$A$1:'0508'!H$44,7,FALSE),IFERROR(VLOOKUP($C14,'0508'!$C$1:'0508'!H$44,5,FALSE),G14-E14)) -> 0 | L14: =IFERROR(K14/J14,) -> 0
A15: 有人说一周吃四个鸡蛋就够了，有人说每天一个鸡蛋最好，到底哪种说法更合适？ | B15: 回答 | C15: 45774 | D15: 30 | E15: 4 | F15: 415 | G15: 371 | H15: =E15/D15 -> 0.13333333 | I15: =G15/F15 -> 0.8939759 | J15: =F15-IFERROR(VLOOKUP($A15,'0508'!$A$1:'0508'!G$48,6,FALSE),IFERROR(VLOOKUP($C15,'0508'!$C$1:'0508'!G$48,4,FALSE),F15-D15)) -> 8 | K15: =G15-IFERROR(VLOOKUP($A15,'0508'!$A$1:'0508'!H$44,7,FALSE),IFERROR(VLOOKUP($C15,'0508'!$C$1:'0508'!H$44,5,FALSE),G15-E15)) -> 0 | L15: =IFERROR(K15/J15,) -> 0
A16: 两杯水中，一杯其中加盐鸡蛋会怎么样？ | B16: 回答 | C16: 45772 | D16: 63 | E16: 93 | F16: 203 | G16: 612 | H16: =E16/D16 -> 1.4761905 | I16: =G16/F16 -> 3.0147783 | J16: =F16-IFERROR(VLOOKUP($A16,'0508'!$A$1:'0508'!G$48,6,FALSE),IFERROR(VLOOKUP($C16,'0508'!$C$1:'0508'!G$48,4,FALSE),F16-D16)) -> 0 | K16: =G16-IFERROR(VLOOKUP($A16,'0508'!$A$1:'0508'!H$44,7,FALSE),IFERROR(VLOOKUP($C16,'0508'!$C$1:'0508'!H$44,5,FALSE),G16-E16)) -> 0 | L16: =IFERROR(K16/J16,) -> 0 | M16: 0430顶99,23,26,2,1 | N16: 0509荐204,44,38，3,3
A17: 蝴蝶兰花茎为啥这么粗壮？ | B17: 回答 | C17: 45771 | D17: 45 | E17: 4 | F17: 208 | G17: 125 | H17: =E17/D17 -> 0.088888889 | I17: =G17/F17 -> 0.60096154 | J17: =F17-IFERROR(VLOOKUP($A17,'0508'!$A$1:'0508'!G$48,6,FALSE),IFERROR(VLOOKUP($C17,'0508'!$C$1:'0508'!G$48,4,FALSE),F17-D17)) -> 9 | K17: =G17-IFERROR(VLOOKUP($A17,'0508'!$A$1:'0508'!H$44,7,FALSE),IFERROR(VLOOKUP($C17,'0508'!$C$1:'0508'!H$44,5,FALSE),G17-E17)) -> 0 | L17: =IFERROR(K17/J17,) -> 0
A18: 大树被锯掉树冠还能发芽吗？ | B18: 回答 | C18: 45764 | D18: 50 | E18: 21 | F18: 402 | G18: 282 | H18: =E18/D18 -> 0.42 | I18: =G18/F18 -> 0.70149254 | J18: =F18-IFERROR(VLOOKUP($A18,'0508'!$A$1:'0508'!G$48,6,FALSE),IFERROR(VLOOKUP($C18,'0508'!$C$1:'0508'!G$48,4,FALSE),F18-D18)) -> 9 | K18: =G18-IFERROR(VLOOKUP($A18,'0508'!$A$1:'0508'!H$44,7,FALSE),IFERROR(VLOOKUP($C18,'0508'!$C$1:'0508'!H$44,5,FALSE),G18-E18)) -> 0 | L18: =IFERROR(K18/J18,) -> 0
A19: 请问怎么能彻底杀死一棵香椿树？ | B19: 回答 | C19: 45763 | D19: 8 | E19: 8 | F19: 657 | G19: 378 | H19: =E19/D19 -> 1 | I19: =G19/F19 -> 0.57534247 | J19: =F19-IFERROR(VLOOKUP($A19,'0508'!$A$1:'0508'!G$48,6,FALSE),IFERROR(VLOOKUP($C19,'0508'!$C$1:'0508'!G$48,4,FALSE),F19-D19)) -> 8 | K19: =G19-IFERROR(VLOOKUP($A19,'0508'!$A$1:'0508'!H$44,7,FALSE),IFERROR(VLOOKUP($C19,'0508'!$C$1:'0508'!H$44,5,FALSE),G19-E19)) -> 8 | L19: =IFERROR(K19/J19,) -> 1 | M19: 0503收益期651,370
A20: 请问在食堂打饭时一两米饭指的是熟重一两还是生重一两? | B20: 回答 | C20: 45762 | D20: 23 | E20: 6 | F20: 618 | G20: 647 | H20: =E20/D20 -> 0.26086957 | I20: =G20/F20 -> 1.0469256 | J20: =F20-IFERROR(VLOOKUP($A20,'0508'!$A$1:'0508'!G$48,6,FALSE),IFERROR(VLOOKUP($C20,'0508'!$C$1:'0508'!G$48,4,FALSE),F20-D20)) -> 5 | K20: =G20-IFERROR(VLOOKUP($A20,'0508'!$A$1:'0508'!H$44,7,FALSE),IFERROR(VLOOKUP($C20,'0508'!$C$1:'0508'!H$44,5,FALSE),G20-E20)) -> 0 | L20: =IFERROR(K20/J20,) -> 0 | M20: 0428收益期593,635
A21: 做蒸饺时应该怎么和面呢？ | B21: 回答 | C21: 45761 | D21: 12 | E21: 38 | F21: 1067 | G21: 951 | H21: =E21/D21 -> 3.1666667 | I21: =G21/F21 -> 0.89128397 | J21: =F21-IFERROR(VLOOKUP($A21,'0508'!$A$1:'0508'!G$48,6,FALSE),IFERROR(VLOOKUP($C21,'0508'!$C$1:'0508'!G$48,4,FALSE),F21-D21)) -> 4 | K21: =G21-IFERROR(VLOOKUP($A21,'0508'!$A$1:'0508'!H$44,7,FALSE),IFERROR(VLOOKUP($C21,'0508'!$C$1:'0508'!H$44,5,FALSE),G21-E21)) -> 0 | L21: =IFERROR(K21/J21,) -> 0 | M21: 0426收益期1029,907
A22: 茄子除了炒着吃以外，还有什么其他比较健康的烹饪方法？ | B22: 回答 | C22: 45755 | D22: 14 | E22: 6 | F22: 453 | G22: 511 | H22: =E22/D22 -> 0.42857143 | I22: =G22/F22 -> 1.1280353 | J22: =F22-IFERROR(VLOOKUP($A22,'0508'!$A$1:'0508'!G$48,6,FALSE),IFERROR(VLOOKUP($C22,'0508'!$C$1:'0508'!G$48,4,FALSE),F22-D22)) -> 8 | K22: =G22-IFERROR(VLOOKUP($A22,'0508'!$A$1:'0508'!H$44,7,FALSE),IFERROR(VLOOKUP($C22,'0508'!$C$1:'0508'!H$44,5,FALSE),G22-E22)) -> 0 | L22: =IFERROR(K22/J22,) -> 0 | M22: 0428收益期430,505
A23: 家里吃剩的煮鸡蛋，可以用来做花肥吗？ | B23: 回答 | C23: 45751 | D23: 38 | E23: 8 | F23: 192 | G23: 266 | H23: =E23/D23 -> 0.21052632 | I23: =G23/F23 -> 1.3854167 | J23: =F23-IFERROR(VLOOKUP($A23,'0508'!$A$1:'0508'!G$48,6,FALSE),IFERROR(VLOOKUP($C23,'0508'!$C$1:'0508'!G$48,4,FALSE),F23-D23)) -> 8 | K23: =G23-IFERROR(VLOOKUP($A23,'0508'!$A$1:'0508'!H$44,7,FALSE),IFERROR(VLOOKUP($C23,'0508'!$C$1:'0508'!H$44,5,FALSE),G23-E23)) -> 0 | L23: =IFERROR(K23/J23,) -> 0 | M23: 0421收益期134,258
A24: 钟南山呼吁别再「无效节约」，别让剩饭剩菜伤了胃，剩菜剩饭有哪些危害？生活中还有哪些饮食健康易被忽视？ | B24: 回答 | C24: 45748 | D24: 36 | E24: 5 | F24: 224501 | G24: 10598 | H24: =E24/D24 -> 0.13888889 | I24: =G24/F24 -> 0.047206917 | J24: =F24-IFERROR(VLOOKUP($A24,'0508'!$A$1:'0508'!G$48,6,FALSE),IFERROR(VLOOKUP($C24,'0508'!$C$1:'0508'!G$48,4,FALSE),F24-D24)) -> 4 | K24: =G24-IFERROR(VLOOKUP($A24,'0508'!$A$1:'0508'!H$44,7,FALSE),IFERROR(VLOOKUP($C24,'0508'!$C$1:'0508'!H$44,5,FALSE),G24-E24)) -> 0 | L24: =IFERROR(K24/J24,) -> 0 | M24: 0504收益期22.4万，10593
A25: 谁能提供一个猪肉好吃又简单的做法？ | B25: 回答 | C25: 45743 | D25: 98 | E25: 15 | F25: 4983 | G25: 2001 | H25: =E25/D25 -> 0.15306122 | I25: =G25/F25 -> 0.40156532 | J25: =F25-IFERROR(VLOOKUP($A25,'0508'!$A$1:'0508'!G$48,6,FALSE),IFERROR(VLOOKUP($C25,'0508'!$C$1:'0508'!G$48,4,FALSE),F25-D25)) -> 35 | K25: =G25-IFERROR(VLOOKUP($A25,'0508'!$A$1:'0508'!H$44,7,FALSE),IFERROR(VLOOKUP($C25,'0508'!$C$1:'0508'!H$44,5,FALSE),G25-E25)) -> 0 | L25: =IFERROR(K25/J25,) -> 0 | M25: 0425收益期4799,1976
A26: 牛肉水煮40分钟后，轻微炒2分钟，吃起来还是很硬很柴，问题出在哪里呢？ | B26: 回答 | C26: 45741 | D26: 101 | E26: 10 | F26: 1302 | G26: 692 | H26: =E26/D26 -> 0.099009901 | I26: =G26/F26 -> 0.53149002 | J26: =F26-IFERROR(VLOOKUP($A26,'0508'!$A$1:'0508'!G$48,6,FALSE),IFERROR(VLOOKUP($C26,'0508'!$C$1:'0508'!G$48,4,FALSE),F26-D26)) -> 20 | K26: =G26-IFERROR(VLOOKUP($A26,'0508'!$A$1:'0508'!H$44,7,FALSE),IFERROR(VLOOKUP($C26,'0508'!$C$1:'0508'!H$44,5,FALSE),G26-E26)) -> 0 | L26: =IFERROR(K26/J26,) -> 0 | M26: 0413收益期928，667
A27: 从外面买的饺子皮用不完该怎么吃才好吃? | B27: 回答 | C27: 45739 | D27: 27 | E27: 10 | F27: 302 | G27: 664 | H27: =E27/D27 -> 0.37037037 | I27: =G27/F27 -> 2.1986755 | J27: =F27-IFERROR(VLOOKUP($A27,'0508'!$A$1:'0508'!G$48,6,FALSE),IFERROR(VLOOKUP($C27,'0508'!$C$1:'0508'!G$48,4,FALSE),F27-D27)) -> 25 | K27: =G27-IFERROR(VLOOKUP($A27,'0508'!$A$1:'0508'!H$44,7,FALSE),IFERROR(VLOOKUP($C27,'0508'!$C$1:'0508'!H$44,5,FALSE),G27-E27)) -> 0 | L27: =IFERROR(K27/J27,) -> 0 | M27: 0407收益期246,648 | N27: 0420收益期257，654
A28: 草莓究竟是哪个季节的果实? | B28: 回答 | C28: 45734 | D28: 16 | E28: 5 | F28: 510 | G28: 675 | H28: =E28/D28 -> 0.3125 | I28: =G28/F28 -> 1.3235294 | J28: =F28-IFERROR(VLOOKUP($A28,'0508'!$A$1:'0508'!G$48,6,FALSE),IFERROR(VLOOKUP($C28,'0508'!$C$1:'0508'!G$48,4,FALSE),F28-D28)) -> 1 | K28: =G28-IFERROR(VLOOKUP($A28,'0508'!$A$1:'0508'!H$44,7,FALSE),IFERROR(VLOOKUP($C28,'0508'!$C$1:'0508'!H$44,5,FALSE),G28-E28)) -> 0 | L28: =IFERROR(K28/J28,) -> 0 | M28: 0503收益期494,670
A29: 长期不吃早餐真的会得胆结石吗？还是危言耸听？ | B29: 回答 | C29: 45720 | D29: 19 | E29: 9 | F29: 378 | G29: 281 | H29: =E29/D29 -> 0.47368421 | I29: =G29/F29 -> 0.74338624 | J29: =F29-IFERROR(VLOOKUP($A29,'0508'!$A$1:'0508'!G$48,6,FALSE),IFERROR(VLOOKUP($C29,'0508'!$C$1:'0508'!G$48,4,FALSE),F29-D29)) -> 3 | K29: =G29-IFERROR(VLOOKUP($A29,'0508'!$A$1:'0508'!H$44,7,FALSE),IFERROR(VLOOKUP($C29,'0508'!$C$1:'0508'!H$44,5,FALSE),G29-E29)) -> 0 | L29: =IFERROR(K29/J29,) -> 0 | M29: 0406收益期290,272
A30: 文火煮鸡蛋要多久能保证蛋黄熟了？ | B30: 回答 | C30: 45474 | D30: 3 | E30: 1 | F30: 476 | G30: 37 | H30: =E30/D30 -> 0.33333333 | I30: =G30/F30 -> 0.077731092 | J30: =F30-IFERROR(VLOOKUP($A30,'0508'!$A$1:'0508'!G$48,6,FALSE),IFERROR(VLOOKUP($C30,'0508'!$C$1:'0508'!G$48,4,FALSE),F30-D30)) -> 3 | K30: =G30-IFERROR(VLOOKUP($A30,'0508'!$A$1:'0508'!H$44,7,FALSE),IFERROR(VLOOKUP($C30,'0508'!$C$1:'0508'!H$44,5,FALSE),G30-E30)) -> 1 | L30: =IFERROR(K30/J30,) -> 0.33333333 | M30: 241024收益期436,36
K31: =SUM(K2:K30) -> 569

Sheet 0510
A1: 内容 | B1: 内容类型 | C1: 内容发布时间 | D1: 本期阅读量 | E1: 本期收益 | F1: 累计阅读量 | G1: 累计收益 | J1: 新增浏览 | K1: 新增收益
A2: 如何评价大锅卤菜？ | B2: 回答 | C2: 45786 | D2: 103 | E2: 165 | F2: 103 | G2: 165 | H2: =E2/D2 -> 1.6019417 | I2: =G2/F2 -> 1.6019417 | J2: =F2-IFERROR(VLOOKUP($A2,'0509'!$A$1:'0509'!G$48,6,FALSE),IFERROR(VLOOKUP($C2,'0509'!$C$1:'0509'!G$48,4,FALSE),F2-D2)) -> 103 | K2: =G2-IFERROR(VLOOKUP($A2,'0509'!$A$1:'0509'!H$44,7,FALSE),IFERROR(VLOOKUP($C2,'0509'!$C$1:'0509'!H$44,5,FALSE),G2-E2)) -> 165 | L2: =IFERROR(K2/J2,) -> 1.6019417 | M2: 0510荐117，18,14,5,2
A3: 这是什么蔬菜，如何烹饪？ | B3: 回答 | C3: 45786 | D3: 218 | E3: 178 | F3: 218 | G3: 178 | H3: =E3/D3 -> 0.81651376 | I3: =G3/F3 -> 0.81651376 | J3: =F3-IFERROR(VLOOKUP($A3,'0509'!$A$1:'0509'!G$48,6,FALSE),IFERROR(VLOOKUP($C3,'0509'!$C$1:'0509'!G$48,4,FALSE),F3-D3)) -> 218 | K3: =G3-IFERROR(VLOOKUP($A3,'0509'!$A$1:'0509'!H$44,7,FALSE),IFERROR(VLOOKUP($C3,'0509'!$C$1:'0509'!H$44,5,FALSE),G3-E3)) -> 178 | L3: =IFERROR(K3/J3,) -> 0.81651376
A4: 请问下是什么树，几年前家里人买的，一直放在天台，现在开始结果了? | B4: 回答 | C4: 45785 | D4: 258 | E4: 187 | F4: 258 | G4: 187 | H4: =E4/D4 -> 0.7248062 | I4: =G4/F4 -> 0.7248062 | J4: =F4-IFERROR(VLOOKUP($A4,'0509'!$A$1:'0509'!G$48,6,FALSE),IFERROR(VLOOKUP($C4,'0509'!$C$1:'0509'!G$48,4,FALSE),F4-D4)) -> 65 | K4: =G4-IFERROR(VLOOKUP($A4,'0509'!$A$1:'0509'!H$44,7,FALSE),IFERROR(VLOOKUP($C4,'0509'!$C$1:'0509'!H$44,5,FALSE),G4-E4)) -> 25 | L4: =IFERROR(K4/J4,) -> 0.38461538
A5: 大神们，这是什么鸟下的蛋？ | B5: 回答 | C5: 45784 | D5: 500 | E5: 622 | F5: 500 | G5: 622 | H5: =E5/D5 -> 1.244 | I5: =G5/F5 -> 1.244 | J5: =F5-IFERROR(VLOOKUP($A5,'0509'!$A$1:'0509'!G$48,6,FALSE),IFERROR(VLOOKUP($C5,'0509'!$C$1:'0509'!G$48,4,FALSE),F5-D5)) -> 215 | K5: =G5-IFERROR(VLOOKUP($A5,'0509'!$A$1:'0509'!H$44,7,FALSE),IFERROR(VLOOKUP($C5,'0509'!$C$1:'0509'!H$44,5,FALSE),G5-E5)) -> 14 | L5: =IFERROR(K5/J5,) -> 0.065116279
A6: 如何判断鸡蛋是否坏掉了？ | B6: 回答 | C6: 45783 | D6: 185 | E6: 212 | F6: 185 | G6: 212 | H6: =E6/D6 -> 1.1459459 | I6: =G6/F6 -> 1.1459459 | J6: =F6-IFERROR(VLOOKUP($A6,'0509'!$A$1:'0509'!G$48,6,FALSE),IFERROR(VLOOKUP($C6,'0509'!$C$1:'0509'!G$48,4,FALSE),F6-D6)) -> 24 | K6: =G6-IFERROR(VLOOKUP($A6,'0509'!$A$1:'0509'!H$44,7,FALSE),IFERROR(VLOOKUP($C6,'0509'!$C$1:'0509'!H$44,5,FALSE),G6-E6)) -> 8 | L6: =IFERROR(K6/J6,) -> 0.33333333
A7: 现在还有马嘛？村子卖得马肉不会是骡子肉吧❓️❓️❓️? | B7: 回答 | C7: 45783 | D7: 135 | E7: 203 | F7: 135 | G7: 203 | H7: =E7/D7 -> 1.5037037 | I7: =G7/F7 -> 1.5037037 | J7: =F7-IFERROR(VLOOKUP($A7,'0509'!$A$1:'0509'!G$48,6,FALSE),IFERROR(VLOOKUP($C7,'0509'!$C$1:'0509'!G$48,4,FALSE),F7-D7)) -> 8 | K7: =G7-IFERROR(VLOOKUP($A7,'0509'!$A$1:'0509'!H$44,7,FALSE),IFERROR(VLOOKUP($C7,'0509'!$C$1:'0509'!H$44,5,FALSE),G7-E7)) -> 0 | L7: =IFERROR(K7/J7,) -> 0
A8: 为什么草莓不容易活？ | B8: 回答 | C8: 45782 | D8: 307 | E8: 208 | F8: 307 | G8: 208 | H8: =E8/D8 -> 0.67752443 | I8: =G8/F8 -> 0.67752443 | J8: =F8-IFERROR(VLOOKUP($A8,'0509'!$A$1:'0509'!G$48,6,FALSE),IFERROR(VLOOKUP($C8,'0509'!$C$1:'0509'!G$48,4,FALSE),F8-D8)) -> 11 | K8: =G8-IFERROR(VLOOKUP($A8,'0509'!$A$1:'0509'!H$44,7,FALSE),IFERROR(VLOOKUP($C8,'0509'!$C$1:'0509'!H$44,5,FALSE),G8-E8)) -> 0 | L8: =IFERROR(K8/J8,) -> 0
A9: 有人见过路边这种果实么？ | B9: 回答 | C9: 45781 | D9: 264 | E9: 615 | F9: 264 | G9: 615 | H9: =E9/D9 -> 2.3295455 | I9: =G9/F9 -> 2.3295455 | J9: =F9-IFERROR(VLOOKUP($A9,'0509'!$A$1:'0509'!G$48,6,FALSE),IFERROR(VLOOKUP($C9,'0509'!$C$1:'0509'!G$48,4,FALSE),F9-D9)) -> 25 | K9: =G9-IFERROR(VLOOKUP($A9,'0509'!$A$1:'0509'!H$44,7,FALSE),IFERROR(VLOOKUP($C9,'0509'!$C$1:'0509'!H$44,5,FALSE),G9-E9)) -> 6 | L9: =IFERROR(K9/J9,) -> 0.24
A10: 明明白面是由小麦制成的，为什么很多老人80年代后才吃得起白面馒头？ | B10: 回答 | C10: 45780 | D10: 1218 | E10: 537 | F10: 1218 | G10: 537 | H10: =E10/D10 -> 0.4408867 | I10: =G10/F10 -> 0.4408867 | J10: =F10-IFERROR(VLOOKUP($A10,'0509'!$A$1:'0509'!G$48,6,FALSE),IFERROR(VLOOKUP($C10,'0509'!$C$1:'0509'!G$48,4,FALSE),F10-D10)) -> 46 | K10: =G10-IFERROR(VLOOKUP($A10,'0509'!$A$1:'0509'!H$44,7,FALSE),IFERROR(VLOOKUP($C10,'0509'!$C$1:'0509'!H$44,5,FALSE),G10-E10)) -> 0 | L10: =IFERROR(K10/J10,) -> 0
A11: 自己种的都忘了，请问这个是什么果树? | B11: 回答 | C11: 45779 | D11: 92 | E11: 63 | F11: 192 | G11: 147 | H11: =E11/D11 -> 0.68478261 | I11: =G11/F11 -> 0.765625 | J11: =F11-IFERROR(VLOOKUP($A11,'0509'!$A$1:'0509'!G$48,6,FALSE),IFERROR(VLOOKUP($C11,'0509'!$C$1:'0509'!G$48,4,FALSE),F11-D11)) -> 16 | K11: =G11-IFERROR(VLOOKUP($A11,'0509'!$A$1:'0509'!H$44,7,FALSE),IFERROR(VLOOKUP($C11,'0509'!$C$1:'0509'!H$44,5,FALSE),G11-E11)) -> 0 | L11: =IFERROR(K11/J11,) -> 0
A12: 前几天养了四只小鸡，一只死了。还剩三只鸡，其中的一只鸡又被其它两只小鸡把屁眼那块啄的血琳琳，啥原因？ | B12: 回答 | C12: 45778 | D12: 73 | E12: 28 | F12: 383 | G12: 168 | H12: =E12/D12 -> 0.38356164 | I12: =G12/F12 -> 0.4386423 | J12: =F12-IFERROR(VLOOKUP($A12,'0509'!$A$1:'0509'!G$48,6,FALSE),IFERROR(VLOOKUP($C12,'0509'!$C$1:'0509'!G$48,4,FALSE),F12-D12)) -> 5 | K12: =G12-IFERROR(VLOOKUP($A12,'0509'!$A$1:'0509'!H$44,7,FALSE),IFERROR(VLOOKUP($C12,'0509'!$C$1:'0509'!H$44,5,FALSE),G12-E12)) -> 0 | L12: =IFERROR(K12/J12,) -> 0
A13: 请问在不破坏树的情况下怎么把树皮腐蚀下来一点，不让大树压到房子? | B13: 回答 | C13: 45777 | D13: 57 | E13: 21 | F13: 239 | G13: 304 | H13: =E13/D13 -> 0.36842105 | I13: =G13/F13 -> 1.2719665 | J13: =F13-IFERROR(VLOOKUP($A13,'0509'!$A$1:'0509'!G$48,6,FALSE),IFERROR(VLOOKUP($C13,'0509'!$C$1:'0509'!G$48,4,FALSE),F13-D13)) -> 0 | K13: =G13-IFERROR(VLOOKUP($A13,'0509'!$A$1:'0509'!H$44,7,FALSE),IFERROR(VLOOKUP($C13,'0509'!$C$1:'0509'!H$44,5,FALSE),G13-E13)) -> 0 | L13: =IFERROR(K13/J13,) -> 0 | M13: 0508荐238,32,11,3,1
A14: 香椿的功效与作用是什么呢？ | B14: 回答 | C14: 45777 | D14: 84 | E14: 462 | F14: 170 | G14: 684 | H14: =E14/D14 -> 5.5 | I14: =G14/F14 -> 4.0235294 | J14: =F14-IFERROR(VLOOKUP($A14,'0509'!$A$1:'0509'!G$48,6,FALSE),IFERROR(VLOOKUP($C14,'0509'!$C$1:'0509'!G$48,4,FALSE),F14-D14)) -> 12 | K14: =G14-IFERROR(VLOOKUP($A14,'0509'!$A$1:'0509'!H$44,7,FALSE),IFERROR(VLOOKUP($C14,'0509'!$C$1:'0509'!H$44,5,FALSE),G14-E14)) -> 6 | L14: =IFERROR(K14/J14,) -> 0.5 | M14: 0502顶78,26,10,4，2
A15: 人一天到底要吃多少，才不会太多也不会太少？ | B15: 回答 | C15: 45776 | D15: 156 | E15: 4 | F15: 672 | G15: 397 | H15: =E15/D15 -> 0.025641026 | I15: =G15/F15 -> 0.59077381 | J15: =F15-IFERROR(VLOOKUP($A15,'0509'!$A$1:'0509'!G$48,6,FALSE),IFERROR(VLOOKUP($C15,'0509'!$C$1:'0509'!G$48,4,FALSE),F15-D15)) -> 9 | K15: =G15-IFERROR(VLOOKUP($A15,'0509'!$A$1:'0509'!H$44,7,FALSE),IFERROR(VLOOKUP($C15,'0509'!$C$1:'0509'!H$44,5,FALSE),G15-E15)) -> 0 | L15: =IFERROR(K15/J15,) -> 0
A16: 有人说一周吃四个鸡蛋就够了，有人说每天一个鸡蛋最好，到底哪种说法更合适？ | B16: 回答 | C16: 45774 | D16: 28 | E16: 4 | F16: 416 | G16: 371 | H16: =E16/D16 -> 0.14285714 | I16: =G16/F16 -> 0.89182692 | J16: =F16-IFERROR(VLOOKUP($A16,'0509'!$A$1:'0509'!G$48,6,FALSE),IFERROR(VLOOKUP($C16,'0509'!$C$1:'0509'!G$48,4,FALSE),F16-D16)) -> 1 | K16: =G16-IFERROR(VLOOKUP($A16,'0509'!$A$1:'0509'!H$44,7,FALSE),IFERROR(VLOOKUP($C16,'0509'!$C$1:'0509'!H$44,5,FALSE),G16-E16)) -> 0 | L16: =IFERROR(K16/J16,) -> 0
A17: 蝴蝶兰花茎为啥这么粗壮？ | B17: 回答 | C17: 45771 | D17: 43 | E17: 4 | F17: 210 | G17: 125 | H17: =E17/D17 -> 0.093023256 | I17: =G17/F17 -> 0.5952381 | J17: =F17-IFERROR(VLOOKUP($A17,'0509'!$A$1:'0509'!G$48,6,FALSE),IFERROR(VLOOKUP($C17,'0509'!$C$1:'0509'!G$48,4,FALSE),F17-D17)) -> 2 | K17: =G17-IFERROR(VLOOKUP($A17,'0509'!$A$1:'0509'!H$44,7,FALSE),IFERROR(VLOOKUP($C17,'0509'!$C$1:'0509'!H$44,5,FALSE),G17-E17)) -> 0 | L17: =IFERROR(K17/J17,) -> 0
A18: 大树被锯掉树冠还能发芽吗？ | B18: 回答 | C18: 45764 | D18: 58 | E18: 21 | F18: 414 | G18: 282 | H18: =E18/D18 -> 0.36206897 | I18: =G18/F18 -> 0.68115942 | J18: =F18-IFERROR(VLOOKUP($A18,'0509'!$A$1:'0509'!G$48,6,FALSE),IFERROR(VLOOKUP($C18,'0509'!$C$1:'0509'!G$48,4,FALSE),F18-D18)) -> 12 | K18: =G18-IFERROR(VLOOKUP($A18,'0509'!$A$1:'0509'!H$44,7,FALSE),IFERROR(VLOOKUP($C18,'0509'!$C$1:'0509'!H$44,5,FALSE),G18-E18)) -> 0 | L18: =IFERROR(K18/J18,) -> 0
A19: 请问怎么能彻底杀死一棵香椿树？ | B19: 回答 | C19: 45763 | D19: 10 | E19: 8 | F19: 661 | G19: 378 | H19: =E19/D19 -> 0.8 | I19: =G19/F19 -> 0.57186082 | J19: =F19-IFERROR(VLOOKUP($A19,'0509'!$A$1:'0509'!G$48,6,FALSE),IFERROR(VLOOKUP($C19,'0509'!$C$1:'0509'!G$48,4,FALSE),F19-D19)) -> 4 | K19: =G19-IFERROR(VLOOKUP($A19,'0509'!$A$1:'0509'!H$44,7,FALSE),IFERROR(VLOOKUP($C19,'0509'!$C$1:'0509'!H$44,5,FALSE),G19-E19)) -> 0 | L19: =IFERROR(K19/J19,) -> 0 | M19: 0503收益期651,370
A20: 请问在食堂打饭时一两米饭指的是熟重一两还是生重一两? | B20: 回答 | C20: 45762 | D20: 22 | E20: 6 | F20: 620 | G20: 647 | H20: =E20/D20 -> 0.27272727 | I20: =G20/F20 -> 1.0435484 | J20: =F20-IFERROR(VLOOKUP($A20,'0509'!$A$1:'0509'!G$48,6,FALSE),IFERROR(VLOOKUP($C20,'0509'!$C$1:'0509'!G$48,4,FALSE),F20-D20)) -> 2 | K20: =G20-IFERROR(VLOOKUP($A20,'0509'!$A$1:'0509'!H$44,7,FALSE),IFERROR(VLOOKUP($C20,'0509'!$C$1:'0509'!H$44,5,FALSE),G20-E20)) -> 0 | L20: =IFERROR(K20/J20,) -> 0 | M20: 0428收益期593,635
A21: 做蒸饺时应该怎么和面呢？ | B21: 回答 | C21: 45761 | D21: 13 | E21: 32 | F21: 1069 | G21: 951 | H21: =E21/D21 -> 2.4615385 | I21: =G21/F21 -> 0.88961646 | J21: =F21-IFERROR(VLOOKUP($A21,'0509'!$A$1:'0509'!G$48,6,FALSE),IFERROR(VLOOKUP($C21,'0509'!$C$1:'0509'!G$48,4,FALSE),F21-D21)) -> 2 | K21: =G21-IFERROR(VLOOKUP($A21,'0509'!$A$1:'0509'!H$44,7,FALSE),IFERROR(VLOOKUP($C21,'0509'!$C$1:'0509'!H$44,5,FALSE),G21-E21)) -> 0 | L21: =IFERROR(K21/J21,) -> 0 | M21: 0426收益期1029,907
A22: 茄子除了炒着吃以外，还有什么其他比较健康的烹饪方法？ | B22: 回答 | C22: 45755 | D22: 16 | E22: 6 | F22: 455 | G22: 511 | H22: =E22/D22 -> 0.375 | I22: =G22/F22 -> 1.1230769 | J22: =F22-IFERROR(VLOOKUP($A22,'0509'!$A$1:'0509'!G$48,6,FALSE),IFERROR(VLOOKUP($C22,'0509'!$C$1:'0509'!G$48,4,FALSE),F22-D22)) -> 2 | K22: =G22-IFERROR(VLOOKUP($A22,'0509'!$A$1:'0509'!H$44,7,FALSE),IFERROR(VLOOKUP($C22,'0509'!$C$1:'0509'!H$44,5,FALSE),G22-E22)) -> 0 | L22: =IFERROR(K22/J22,) -> 0 | M22: 0428收益期430,505
A23: 为什么南方种大米，东北也种大米，但华北地区却不种大米？ | B23: 回答 | C23: 45752 | D23: 28 | E23: 11 | F23: 9545 | G23: 1168 | H23: =E23/D23 -> 0.39285714 | I23: =G23/F23 -> 0.12236773 | J23: =F23-IFERROR(VLOOKUP($A23,'0509'!$A$1:'0509'!G$48,6,FALSE),IFERROR(VLOOKUP($C23,'0509'!$C$1:'0509'!G$48,4,FALSE),F23-D23)) -> 28 | K23: =G23-IFERROR(VLOOKUP($A23,'0509'!$A$1:'0509'!H$44,7,FALSE),IFERROR(VLOOKUP($C23,'0509'!$C$1:'0509'!H$44,5,FALSE),G23-E23)) -> 11 | L23: =IFERROR(K23/J23,) -> 0.39285714 | M23: 0427收益期9467,1157
A24: 家里吃剩的煮鸡蛋，可以用来做花肥吗？ | B24: 回答 | C24: 45751 | D24: 41 | E24: 8 | F24: 197 | G24: 266 | H24: =E24/D24 -> 0.19512195 | I24: =G24/F24 -> 1.3502538 | J24: =F24-IFERROR(VLOOKUP($A24,'0509'!$A$1:'0509'!G$48,6,FALSE),IFERROR(VLOOKUP($C24,'0509'!$C$1:'0509'!G$48,4,FALSE),F24-D24)) -> 5 | K24: =G24-IFERROR(VLOOKUP($A24,'0509'!$A$1:'0509'!H$44,7,FALSE),IFERROR(VLOOKUP($C24,'0509'!$C$1:'0509'!H$44,5,FALSE),G24-E24)) -> 0 | L24: =IFERROR(K24/J24,) -> 0 | M24: 0421收益期134,258
A25: 钟南山呼吁别再「无效节约」，别让剩饭剩菜伤了胃，剩菜剩饭有哪些危害？生活中还有哪些饮食健康易被忽视？ | B25: 回答 | C25: 45748 | D25: 34 | E25: 5 | F25: 224504 | G25: 10598 | H25: =E25/D25 -> 0.14705882 | I25: =G25/F25 -> 0.047206286 | J25: =F25-IFERROR(VLOOKUP($A25,'0509'!$A$1:'0509'!G$48,6,FALSE),IFERROR(VLOOKUP($C25,'0509'!$C$1:'0509'!G$48,4,FALSE),F25-D25)) -> 3 | K25: =G25-IFERROR(VLOOKUP($A25,'0509'!$A$1:'0509'!H$44,7,FALSE),IFERROR(VLOOKUP($C25,'0509'!$C$1:'0509'!H$44,5,FALSE),G25-E25)) -> 0 | L25: =IFERROR(K25/J25,) -> 0 | M25: 0504收益期22.4万，10593
A26: 谁能提供一个猪肉好吃又简单的做法？ | B26: 回答 | C26: 45743 | D26: 106 | E26: 20 | F26: 4999 | G26: 2011 | H26: =E26/D26 -> 0.18867925 | I26: =G26/F26 -> 0.40228046 | J26: =F26-IFERROR(VLOOKUP($A26,'0509'!$A$1:'0509'!G$48,6,FALSE),IFERROR(VLOOKUP($C26,'0509'!$C$1:'0509'!G$48,4,FALSE),F26-D26)) -> 16 | K26: =G26-IFERROR(VLOOKUP($A26,'0509'!$A$1:'0509'!H$44,7,FALSE),IFERROR(VLOOKUP($C26,'0509'!$C$1:'0509'!H$44,5,FALSE),G26-E26)) -> 10 | L26: =IFERROR(K26/J26,) -> 0.625 | M26: 0425收益期4799,1976
A27: 牛肉水煮40分钟后，轻微炒2分钟，吃起来还是很硬很柴，问题出在哪里呢？ | B27: 回答 | C27: 45741 | D27: 101 | E27: 5 | F27: 1314 | G27: 692 | H27: =E27/D27 -> 0.04950495 | I27: =G27/F27 -> 0.52663623 | J27: =F27-IFERROR(VLOOKUP($A27,'0509'!$A$1:'0509'!G$48,6,FALSE),IFERROR(VLOOKUP($C27,'0509'!$C$1:'0509'!G$48,4,FALSE),F27-D27)) -> 12 | K27: =G27-IFERROR(VLOOKUP($A27,'0509'!$A$1:'0509'!H$44,7,FALSE),IFERROR(VLOOKUP($C27,'0509'!$C$1:'0509'!H$44,5,FALSE),G27-E27)) -> 0 | L27: =IFERROR(K27/J27,) -> 0 | M27: 0413收益期928，667
A28: 从外面买的饺子皮用不完该怎么吃才好吃? | B28: 回答 | C28: 45739 | D28: 27 | E28: 10 | F28: 302 | G28: 664 | H28: =E28/D28 -> 0.37037037 | I28: =G28/F28 -> 2.1986755 | J28: =F28-IFERROR(VLOOKUP($A28,'0509'!$A$1:'0509'!G$48,6,FALSE),IFERROR(VLOOKUP($C28,'0509'!$C$1:'0509'!G$48,4,FALSE),F28-D28)) -> 0 | K28: =G28-IFERROR(VLOOKUP($A28,'0509'!$A$1:'0509'!H$44,7,FALSE),IFERROR(VLOOKUP($C28,'0509'!$C$1:'0509'!H$44,5,FALSE),G28-E28)) -> 0 | L28: =IFERROR(K28/J28,) -> 0 | M28: 0407收益期246,648 | N28: 0420收益期257，654
A29: 草莓究竟是哪个季节的果实? | B29: 回答 | C29: 45734 | D29: 20 | E29: 10 | F29: 514 | G29: 680 | H29: =E29/D29 -> 0.5 | I29: =G29/F29 -> 1.3229572 | J29: =F29-IFERROR(VLOOKUP($A29,'0509'!$A$1:'0509'!G$48,6,FALSE),IFERROR(VLOOKUP($C29,'0509'!$C$1:'0509'!G$48,4,FALSE),F29-D29)) -> 4 | K29: =G29-IFERROR(VLOOKUP($A29,'0509'!$A$1:'0509'!H$44,7,FALSE),IFERROR(VLOOKUP($C29,'0509'!$C$1:'0509'!H$44,5,FALSE),G29-E29)) -> 5 | L29: =IFERROR(K29/J29,) -> 1.25 | M29: 0503收益期494,670
A30: 如果一辈子只吃荤，不吃素会怎样？ | B30: 回答 | C30: 45731 | D30: 5 | E30: 20 | F30: 213 | G30: 357 | H30: =E30/D30 -> 4 | I30: =G30/F30 -> 1.6760563 | J30: =F30-IFERROR(VLOOKUP($A30,'0509'!$A$1:'0509'!G$48,6,FALSE),IFERROR(VLOOKUP($C30,'0509'!$C$1:'0509'!G$48,4,FALSE),F30-D30)) -> 5 | K30: =G30-IFERROR(VLOOKUP($A30,'0509'!$A$1:'0509'!H$44,7,FALSE),IFERROR(VLOOKUP($C30,'0509'!$C$1:'0509'!H$44,5,FALSE),G30-E30)) -> 20 | L30: =IFERROR(K30/J30,) -> 4 | M30: 0417收益期192,337 | N30: 0510顶213,27,25,4
A31: 长期不吃早餐真的会得胆结石吗？还是危言耸听？ | B31: 回答 | C31: 45720 | D31: 18 | E31: 9 | F31: 378 | G31: 281 | H31: =E31/D31 -> 0.5 | I31: =G31/F31 -> 0.74338624 | J31: =F31-IFERROR(VLOOKUP($A31,'0509'!$A$1:'0509'!G$48,6,FALSE),IFERROR(VLOOKUP($C31,'0509'!$C$1:'0509'!G$48,4,FALSE),F31-D31)) -> 0 | K31: =G31-IFERROR(VLOOKUP($A31,'0509'!$A$1:'0509'!H$44,7,FALSE),IFERROR(VLOOKUP($C31,'0509'!$C$1:'0509'!H$44,5,FALSE),G31-E31)) -> 0 | L31: =IFERROR(K31/J31,) -> 0 | M31: 0406收益期290,272
A32: 文火煮鸡蛋要多久能保证蛋黄熟了？ | B32: 回答 | C32: 45474 | D32: 6 | E32: 1 | F32: 479 | G32: 37 | H32: =E32/D32 -> 0.16666667 | I32: =G32/F32 -> 0.077244259 | J32: =F32-IFERROR(VLOOKUP($A32,'0509'!$A$1:'0509'!G$48,6,FALSE),IFERROR(VLOOKUP($C32,'0509'!$C$1:'0509'!G$48,4,FALSE),F32-D32)) -> 3 | K32: =G32-IFERROR(VLOOKUP($A32,'0509'!$A$1:'0509'!H$44,7,FALSE),IFERROR(VLOOKUP($C32,'0509'!$C$1:'0509'!H$44,5,FALSE),G32-E32)) -> 0 | L32: =IFERROR(K32/J32,) -> 0 | M32: 241024收益期436,36
K33: =SUM(K2:K32) -> 448

Sheet 0511
A1: 内容 | B1: 内容类型 | C1: 内容发布时间 | D1: 本期阅读量 | E1: 本期收益 | F1: 累计阅读量 | G1: 累计收益 | J1: 新增浏览 | K1: 新增收益
A2: 为什么同一种食材（如豆腐）在不同文化中的烹饪方式和地位差异如此显著？ | B2: 回答 | C2: 45787 | D2: 97 | E2: 515 | F2: 97 | G2: 515 | H2: =E2/D2 -> 5.3092784 | I2: =G2/F2 -> 5.3092784 | J2: =F2-IFERROR(VLOOKUP($A2,'0510'!$A$1:'0510'!G$48,6,FALSE),IFERROR(VLOOKUP($C2,'0510'!$C$1:'0510'!G$48,4,FALSE),F2-D2)) -> 97 | K2: =G2-IFERROR(VLOOKUP($A2,'0510'!$A$1:'0510'!H$44,7,FALSE),IFERROR(VLOOKUP($C2,'0510'!$C$1:'0510'!H$44,5,FALSE),G2-E2)) -> 515 | L2: =IFERROR(K2/J2,) -> 5.3092784
A3: 如何评价大锅卤菜？ | B3: 回答 | C3: 45786 | D3: 144 | E3: 275 | F3: 144 | G3: 275 | H3: =E3/D3 -> 1.9097222 | I3: =G3/F3 -> 1.9097222 | J3: =F3-IFERROR(VLOOKUP($A3,'0510'!$A$1:'0510'!G$48,6,FALSE),IFERROR(VLOOKUP($C3,'0510'!$C$1:'0510'!G$48,4,FALSE),F3-D3)) -> 41 | K3: =G3-IFERROR(VLOOKUP($A3,'0510'!$A$1:'0510'!H$44,7,FALSE),IFERROR(VLOOKUP($C3,'0510'!$C$1:'0510'!H$44,5,FALSE),G3-E3)) -> 110 | L3: =IFERROR(K3/J3,) -> 2.6829268 | M3: 0510荐117，18,14,5,2
A4: 这是什么蔬菜，如何烹饪？ | B4: 回答 | C4: 45786 | D4: 265 | E4: 294 | F4: 265 | G4: 294 | H4: =E4/D4 -> 1.109434 | I4: =G4/F4 -> 1.109434 | J4: =F4-IFERROR(VLOOKUP($A4,'0510'!$A$1:'0510'!G$48,6,FALSE),IFERROR(VLOOKUP($C4,'0510'!$C$1:'0510'!G$48,4,FALSE),F4-D4)) -> 47 | K4: =G4-IFERROR(VLOOKUP($A4,'0510'!$A$1:'0510'!H$44,7,FALSE),IFERROR(VLOOKUP($C4,'0510'!$C$1:'0510'!H$44,5,FALSE),G4-E4)) -> 116 | L4: =IFERROR(K4/J4,) -> 2.4680851
A5: 请问下是什么树，几年前家里人买的，一直放在天台，现在开始结果了? | B5: 回答 | C5: 45785 | D5: 286 | E5: 195 | F5: 286 | G5: 195 | H5: =E5/D5 -> 0.68181818 | I5: =G5/F5 -> 0.68181818 | J5: =F5-IFERROR(VLOOKUP($A5,'0510'!$A$1:'0510'!G$48,6,FALSE),IFERROR(VLOOKUP($C5,'0510'!$C$1:'0510'!G$48,4,FALSE),F5-D5)) -> 28 | K5: =G5-IFERROR(VLOOKUP($A5,'0510'!$A$1:'0510'!H$44,7,FALSE),IFERROR(VLOOKUP($C5,'0510'!$C$1:'0510'!H$44,5,FALSE),G5-E5)) -> 8 | L5: =IFERROR(K5/J5,) -> 0.28571429
A6: 大神们，这是什么鸟下的蛋？ | B6: 回答 | C6: 45784 | D6: 513 | E6: 622 | F6: 513 | G6: 622 | H6: =E6/D6 -> 1.2124756 | I6: =G6/F6 -> 1.2124756 | J6: =F6-IFERROR(VLOOKUP($A6,'0510'!$A$1:'0510'!G$48,6,FALSE),IFERROR(VLOOKUP($C6,'0510'!$C$1:'0510'!G$48,4,FALSE),F6-D6)) -> 13 | K6: =G6-IFERROR(VLOOKUP($A6,'0510'!$A$1:'0510'!H$44,7,FALSE),IFERROR(VLOOKUP($C6,'0510'!$C$1:'0510'!H$44,5,FALSE),G6-E6)) -> 0 | L6: =IFERROR(K6/J6,) -> 0
A7: 如何判断鸡蛋是否坏掉了？ | B7: 回答 | C7: 45783 | D7: 192 | E7: 216 | F7: 192 | G7: 216 | H7: =E7/D7 -> 1.125 | I7: =G7/F7 -> 1.125 | J7: =F7-IFERROR(VLOOKUP($A7,'0510'!$A$1:'0510'!G$48,6,FALSE),IFERROR(VLOOKUP($C7,'0510'!$C$1:'0510'!G$48,4,FALSE),F7-D7)) -> 7 | K7: =G7-IFERROR(VLOOKUP($A7,'0510'!$A$1:'0510'!H$44,7,FALSE),IFERROR(VLOOKUP($C7,'0510'!$C$1:'0510'!H$44,5,FALSE),G7-E7)) -> 4 | L7: =IFERROR(K7/J7,) -> 0.57142857
A8: 现在还有马嘛？村子卖得马肉不会是骡子肉吧❓️❓️❓️? | B8: 回答 | C8: 45783 | D8: 138 | E8: 209 | F8: 138 | G8: 209 | H8: =E8/D8 -> 1.5144928 | I8: =G8/F8 -> 1.5144928 | J8: =F8-IFERROR(VLOOKUP($A8,'0510'!$A$1:'0510'!G$48,6,FALSE),IFERROR(VLOOKUP($C8,'0510'!$C$1:'0510'!G$48,4,FALSE),F8-D8)) -> 3 | K8: =G8-IFERROR(VLOOKUP($A8,'0510'!$A$1:'0510'!H$44,7,FALSE),IFERROR(VLOOKUP($C8,'0510'!$C$1:'0510'!H$44,5,FALSE),G8-E8)) -> 6 | L8: =IFERROR(K8/J8,) -> 2
A9: 为什么草莓不容易活？ | B9: 回答 | C9: 45782 | D9: 318 | E9: 208 | F9: 318 | G9: 208 | H9: =E9/D9 -> 0.65408805 | I9: =G9/F9 -> 0.65408805 | J9: =F9-IFERROR(VLOOKUP($A9,'0510'!$A$1:'0510'!G$48,6,FALSE),IFERROR(VLOOKUP($C9,'0510'!$C$1:'0510'!G$48,4,FALSE),F9-D9)) -> 11 | K9: =G9-IFERROR(VLOOKUP($A9,'0510'!$A$1:'0510'!H$44,7,FALSE),IFERROR(VLOOKUP($C9,'0510'!$C$1:'0510'!H$44,5,FALSE),G9-E9)) -> 0 | L9: =IFERROR(K9/J9,) -> 0
A10: 有人见过路边这种果实么？ | B10: 回答 | C10: 45781 | D10: 270 | E10: 647 | F10: 270 | G10: 647 | H10: =E10/D10 -> 2.3962963 | I10: =G10/F10 -> 2.3962963 | J10: =F10-IFERROR(VLOOKUP($A10,'0510'!$A$1:'0510'!G$48,6,FALSE),IFERROR(VLOOKUP($C10,'0510'!$C$1:'0510'!G$48,4,FALSE),F10-D10)) -> 6 | K10: =G10-IFERROR(VLOOKUP($A10,'0510'!$A$1:'0510'!H$44,7,FALSE),IFERROR(VLOOKUP($C10,'0510'!$C$1:'0510'!H$44,5,FALSE),G10-E10)) -> 32 | L10: =IFERROR(K10/J10,) -> 5.3333333
A11: 明明白面是由小麦制成的，为什么很多老人80年代后才吃得起白面馒头？ | B11: 回答 | C11: 45780 | D11: 710 | E11: 288 | F11: 1218 | G11: 537 | H11: =E11/D11 -> 0.4056338 | I11: =G11/F11 -> 0.4408867 | J11: =F11-IFERROR(VLOOKUP($A11,'0510'!$A$1:'0510'!G$48,6,FALSE),IFERROR(VLOOKUP($C11,'0510'!$C$1:'0510'!G$48,4,FALSE),F11-D11)) -> 0 | K11: =G11-IFERROR(VLOOKUP($A11,'0510'!$A$1:'0510'!H$44,7,FALSE),IFERROR(VLOOKUP($C11,'0510'!$C$1:'0510'!H$44,5,FALSE),G11-E11)) -> 0 | L11: =IFERROR(K11/J11,) -> 0
A12: 自己种的都忘了，请问这个是什么果树? | B12: 回答 | C12: 45779 | D12: 77 | E12: 33 | F12: 194 | G12: 147 | H12: =E12/D12 -> 0.42857143 | I12: =G12/F12 -> 0.75773196 | J12: =F12-IFERROR(VLOOKUP($A12,'0510'!$A$1:'0510'!G$48,6,FALSE),IFERROR(VLOOKUP($C12,'0510'!$C$1:'0510'!G$48,4,FALSE),F12-D12)) -> 2 | K12: =G12-IFERROR(VLOOKUP($A12,'0510'!$A$1:'0510'!H$44,7,FALSE),IFERROR(VLOOKUP($C12,'0510'!$C$1:'0510'!H$44,5,FALSE),G12-E12)) -> 0 | L12: =IFERROR(K12/J12,) -> 0
A13: 前几天养了四只小鸡，一只死了。还剩三只鸡，其中的一只鸡又被其它两只小鸡把屁眼那块啄的血琳琳，啥原因？ | B13: 回答 | C13: 45778 | D13: 49 | E13: 28 | F13: 385 | G13: 168 | H13: =E13/D13 -> 0.57142857 | I13: =G13/F13 -> 0.43636364 | J13: =F13-IFERROR(VLOOKUP($A13,'0510'!$A$1:'0510'!G$48,6,FALSE),IFERROR(VLOOKUP($C13,'0510'!$C$1:'0510'!G$48,4,FALSE),F13-D13)) -> 2 | K13: =G13-IFERROR(VLOOKUP($A13,'0510'!$A$1:'0510'!H$44,7,FALSE),IFERROR(VLOOKUP($C13,'0510'!$C$1:'0510'!H$44,5,FALSE),G13-E13)) -> 0 | L13: =IFERROR(K13/J13,) -> 0
A14: 请问在不破坏树的情况下怎么把树皮腐蚀下来一点，不让大树压到房子? | B14: 回答 | C14: 45777 | D14: 50 | E14: 21 | F14: 239 | G14: 304 | H14: =E14/D14 -> 0.42 | I14: =G14/F14 -> 1.2719665 | J14: =F14-IFERROR(VLOOKUP($A14,'0510'!$A$1:'0510'!G$48,6,FALSE),IFERROR(VLOOKUP($C14,'0510'!$C$1:'0510'!G$48,4,FALSE),F14-D14)) -> 0 | K14: =G14-IFERROR(VLOOKUP($A14,'0510'!$A$1:'0510'!H$44,7,FALSE),IFERROR(VLOOKUP($C14,'0510'!$C$1:'0510'!H$44,5,FALSE),G14-E14)) -> 0 | L14: =IFERROR(K14/J14,) -> 0 | M14: 0508荐238,32,11,3,1
A15: 香椿的功效与作用是什么呢？ | B15: 回答 | C15: 45777 | D15: 94 | E15: 488 | F15: 186 | G15: 748 | H15: =E15/D15 -> 5.1914894 | I15: =G15/F15 -> 4.0215054 | J15: =F15-IFERROR(VLOOKUP($A15,'0510'!$A$1:'0510'!G$48,6,FALSE),IFERROR(VLOOKUP($C15,'0510'!$C$1:'0510'!G$48,4,FALSE),F15-D15)) -> 16 | K15: =G15-IFERROR(VLOOKUP($A15,'0510'!$A$1:'0510'!H$44,7,FALSE),IFERROR(VLOOKUP($C15,'0510'!$C$1:'0510'!H$44,5,FALSE),G15-E15)) -> 64 | L15: =IFERROR(K15/J15,) -> 4 | M15: 0502顶78,26,10,4，2
A16: 人一天到底要吃多少，才不会太多也不会太少？ | B16: 回答 | C16: 45776 | D16: 112 | E16: 4 | F16: 675 | G16: 397 | H16: =E16/D16 -> 0.035714286 | I16: =G16/F16 -> 0.58814815 | J16: =F16-IFERROR(VLOOKUP($A16,'0510'!$A$1:'0510'!G$48,6,FALSE),IFERROR(VLOOKUP($C16,'0510'!$C$1:'0510'!G$48,4,FALSE),F16-D16)) -> 3 | K16: =G16-IFERROR(VLOOKUP($A16,'0510'!$A$1:'0510'!H$44,7,FALSE),IFERROR(VLOOKUP($C16,'0510'!$C$1:'0510'!H$44,5,FALSE),G16-E16)) -> 0 | L16: =IFERROR(K16/J16,) -> 0
A17: 有人说一周吃四个鸡蛋就够了，有人说每天一个鸡蛋最好，到底哪种说法更合适？ | B17: 回答 | C17: 45774 | D17: 28 | E17: 4 | F17: 418 | G17: 371 | H17: =E17/D17 -> 0.14285714 | I17: =G17/F17 -> 0.88755981 | J17: =F17-IFERROR(VLOOKUP($A17,'0510'!$A$1:'0510'!G$48,6,FALSE),IFERROR(VLOOKUP($C17,'0510'!$C$1:'0510'!G$48,4,FALSE),F17-D17)) -> 2 | K17: =G17-IFERROR(VLOOKUP($A17,'0510'!$A$1:'0510'!H$44,7,FALSE),IFERROR(VLOOKUP($C17,'0510'!$C$1:'0510'!H$44,5,FALSE),G17-E17)) -> 0 | L17: =IFERROR(K17/J17,) -> 0
A18: 蝴蝶兰花茎为啥这么粗壮？ | B18: 回答 | C18: 45771 | D18: 38 | E18: 4 | F18: 210 | G18: 125 | H18: =E18/D18 -> 0.10526316 | I18: =G18/F18 -> 0.5952381 | J18: =F18-IFERROR(VLOOKUP($A18,'0510'!$A$1:'0510'!G$48,6,FALSE),IFERROR(VLOOKUP($C18,'0510'!$C$1:'0510'!G$48,4,FALSE),F18-D18)) -> 0 | K18: =G18-IFERROR(VLOOKUP($A18,'0510'!$A$1:'0510'!H$44,7,FALSE),IFERROR(VLOOKUP($C18,'0510'!$C$1:'0510'!H$44,5,FALSE),G18-E18)) -> 0 | L18: =IFERROR(K18/J18,) -> 0
A19: 你能不能找到一个比较简单的数学问题，但是deepseek却得不到正确结果？ | B19: 回答 | C19: 45769 | D19: 39 | E19: 14 | F19: 598 | G19: 348 | H19: =E19/D19 -> 0.35897436 | I19: =G19/F19 -> 0.5819398 | J19: =F19-IFERROR(VLOOKUP($A19,'0510'!$A$1:'0510'!G$48,6,FALSE),IFERROR(VLOOKUP($C19,'0510'!$C$1:'0510'!G$48,4,FALSE),F19-D19)) -> 39 | K19: =G19-IFERROR(VLOOKUP($A19,'0510'!$A$1:'0510'!H$44,7,FALSE),IFERROR(VLOOKUP($C19,'0510'!$C$1:'0510'!H$44,5,FALSE),G19-E19)) -> 14 | L19: =IFERROR(K19/J19,) -> 0.35897436
A20: 大树被锯掉树冠还能发芽吗？ | B20: 回答 | C20: 45764 | D20: 64 | E20: 7 | F20: 428 | G20: 282 | H20: =E20/D20 -> 0.109375 | I20: =G20/F20 -> 0.6588785 | J20: =F20-IFERROR(VLOOKUP($A20,'0510'!$A$1:'0510'!G$48,6,FALSE),IFERROR(VLOOKUP($C20,'0510'!$C$1:'0510'!G$48,4,FALSE),F20-D20)) -> 14 | K20: =G20-IFERROR(VLOOKUP($A20,'0510'!$A$1:'0510'!H$44,7,FALSE),IFERROR(VLOOKUP($C20,'0510'!$C$1:'0510'!H$44,5,FALSE),G20-E20)) -> 0 | L20: =IFERROR(K20/J20,) -> 0
A21: 请问怎么能彻底杀死一棵香椿树？ | B21: 回答 | C21: 45763 | D21: 12 | E21: 16 | F21: 664 | G21: 386 | H21: =E21/D21 -> 1.3333333 | I21: =G21/F21 -> 0.5813253 | J21: =F21-IFERROR(VLOOKUP($A21,'0510'!$A$1:'0510'!G$48,6,FALSE),IFERROR(VLOOKUP($C21,'0510'!$C$1:'0510'!G$48,4,FALSE),F21-D21)) -> 3 | K21: =G21-IFERROR(VLOOKUP($A21,'0510'!$A$1:'0510'!H$44,7,FALSE),IFERROR(VLOOKUP($C21,'0510'!$C$1:'0510'!H$44,5,FALSE),G21-E21)) -> 8 | L21: =IFERROR(K21/J21,) -> 2.6666667 | M21: 0503收益期651,370
A22: 请问在食堂打饭时一两米饭指的是熟重一两还是生重一两? | B22: 回答 | C22: 45762 | D22: 25 | E22: 6 | F22: 625 | G22: 647 | H22: =E22/D22 -> 0.24 | I22: =G22/F22 -> 1.0352 | J22: =F22-IFERROR(VLOOKUP($A22,'0510'!$A$1:'0510'!G$48,6,FALSE),IFERROR(VLOOKUP($C22,'0510'!$C$1:'0510'!G$48,4,FALSE),F22-D22)) -> 5 | K22: =G22-IFERROR(VLOOKUP($A22,'0510'!$A$1:'0510'!H$44,7,FALSE),IFERROR(VLOOKUP($C22,'0510'!$C$1:'0510'!H$44,5,FALSE),G22-E22)) -> 0 | L22: =IFERROR(K22/J22,) -> 0 | M22: 0428收益期593,635
A23: 做蒸饺时应该怎么和面呢？ | B23: 回答 | C23: 45761 | D23: 16 | E23: 32 | F23: 1072 | G23: 951 | H23: =E23/D23 -> 2 | I23: =G23/F23 -> 0.88712687 | J23: =F23-IFERROR(VLOOKUP($A23,'0510'!$A$1:'0510'!G$48,6,FALSE),IFERROR(VLOOKUP($C23,'0510'!$C$1:'0510'!G$48,4,FALSE),F23-D23)) -> 3 | K23: =G23-IFERROR(VLOOKUP($A23,'0510'!$A$1:'0510'!H$44,7,FALSE),IFERROR(VLOOKUP($C23,'0510'!$C$1:'0510'!H$44,5,FALSE),G23-E23)) -> 0 | L23: =IFERROR(K23/J23,) -> 0 | M23: 0426收益期1029,907
A24: 为什么我做的红烧肉总是不够软烂入味，有什么小窍门能让红烧肉达到入口即化的口感呢？ | B24: 回答 | C24: 45757 | D24: 21 | E24: 6 | F24: 647 | G24: 769 | H24: =E24/D24 -> 0.28571429 | I24: =G24/F24 -> 1.1885626 | J24: =F24-IFERROR(VLOOKUP($A24,'0510'!$A$1:'0510'!G$48,6,FALSE),IFERROR(VLOOKUP($C24,'0510'!$C$1:'0510'!G$48,4,FALSE),F24-D24)) -> 21 | K24: =G24-IFERROR(VLOOKUP($A24,'0510'!$A$1:'0510'!H$44,7,FALSE),IFERROR(VLOOKUP($C24,'0510'!$C$1:'0510'!H$44,5,FALSE),G24-E24)) -> 6 | L24: =IFERROR(K24/J24,) -> 0.28571429
A25: 茄子除了炒着吃以外，还有什么其他比较健康的烹饪方法？ | B25: 回答 | C25: 45755 | D25: 19 | E25: 16 | F25: 458 | G25: 521 | H25: =E25/D25 -> 0.84210526 | I25: =G25/F25 -> 1.1375546 | J25: =F25-IFERROR(VLOOKUP($A25,'0510'!$A$1:'0510'!G$48,6,FALSE),IFERROR(VLOOKUP($C25,'0510'!$C$1:'0510'!G$48,4,FALSE),F25-D25)) -> 3 | K25: =G25-IFERROR(VLOOKUP($A25,'0510'!$A$1:'0510'!H$44,7,FALSE),IFERROR(VLOOKUP($C25,'0510'!$C$1:'0510'!H$44,5,FALSE),G25-E25)) -> 10 | L25: =IFERROR(K25/J25,) -> 3.3333333 | M25: 0428收益期430,505
A26: 为什么南方种大米，东北也种大米，但华北地区却不种大米？ | B26: 回答 | C26: 45752 | D26: 31 | E26: 11 | F26: 9548 | G26: 1168 | H26: =E26/D26 -> 0.35483871 | I26: =G26/F26 -> 0.12232928 | J26: =F26-IFERROR(VLOOKUP($A26,'0510'!$A$1:'0510'!G$48,6,FALSE),IFERROR(VLOOKUP($C26,'0510'!$C$1:'0510'!G$48,4,FALSE),F26-D26)) -> 3 | K26: =G26-IFERROR(VLOOKUP($A26,'0510'!$A$1:'0510'!H$44,7,FALSE),IFERROR(VLOOKUP($C26,'0510'!$C$1:'0510'!H$44,5,FALSE),G26-E26)) -> 0 | L26: =IFERROR(K26/J26,) -> 0 | M26: 0427收益期9467,1157
A27: 钟南山呼吁别再「无效节约」，别让剩饭剩菜伤了胃，剩菜剩饭有哪些危害？生活中还有哪些饮食健康易被忽视？ | B27: 回答 | C27: 45748 | D27: 35 | E27: 5 | F27: 224507 | G27: 10598 | H27: =E27/D27 -> 0.14285714 | I27: =G27/F27 -> 0.047205655 | J27: =F27-IFERROR(VLOOKUP($A27,'0510'!$A$1:'0510'!G$48,6,FALSE),IFERROR(VLOOKUP($C27,'0510'!$C$1:'0510'!G$48,4,FALSE),F27-D27)) -> 3 | K27: =G27-IFERROR(VLOOKUP($A27,'0510'!$A$1:'0510'!H$44,7,FALSE),IFERROR(VLOOKUP($C27,'0510'!$C$1:'0510'!H$44,5,FALSE),G27-E27)) -> 0 | L27: =IFERROR(K27/J27,) -> 0 | M27: 0504收益期22.4万，10593
A28: 谁能提供一个猪肉好吃又简单的做法？ | B28: 回答 | C28: 45743 | D28: 111 | E28: 20 | F28: 5008 | G28: 2011 | H28: =E28/D28 -> 0.18018018 | I28: =G28/F28 -> 0.40155751 | J28: =F28-IFERROR(VLOOKUP($A28,'0510'!$A$1:'0510'!G$48,6,FALSE),IFERROR(VLOOKUP($C28,'0510'!$C$1:'0510'!G$48,4,FALSE),F28-D28)) -> 9 | K28: =G28-IFERROR(VLOOKUP($A28,'0510'!$A$1:'0510'!H$44,7,FALSE),IFERROR(VLOOKUP($C28,'0510'!$C$1:'0510'!H$44,5,FALSE),G28-E28)) -> 0 | L28: =IFERROR(K28/J28,) -> 0 | M28: 0425收益期4799,1976
A29: 牛肉水煮40分钟后，轻微炒2分钟，吃起来还是很硬很柴，问题出在哪里呢？ | B29: 回答 | C29: 45741 | D29: 96 | E29: 5 | F29: 1320 | G29: 692 | H29: =E29/D29 -> 0.052083333 | I29: =G29/F29 -> 0.52424242 | J29: =F29-IFERROR(VLOOKUP($A29,'0510'!$A$1:'0510'!G$48,6,FALSE),IFERROR(VLOOKUP($C29,'0510'!$C$1:'0510'!G$48,4,FALSE),F29-D29)) -> 6 | K29: =G29-IFERROR(VLOOKUP($A29,'0510'!$A$1:'0510'!H$44,7,FALSE),IFERROR(VLOOKUP($C29,'0510'!$C$1:'0510'!H$44,5,FALSE),G29-E29)) -> 0 | L29: =IFERROR(K29/J29,) -> 0 | M29: 0413收益期928，667
A30: 从外面买的饺子皮用不完该怎么吃才好吃? | B30: 回答 | C30: 45739 | D30: 27 | E30: 10 | F30: 302 | G30: 664 | H30: =E30/D30 -> 0.37037037 | I30: =G30/F30 -> 2.1986755 | J30: =F30-IFERROR(VLOOKUP($A30,'0510'!$A$1:'0510'!G$48,6,FALSE),IFERROR(VLOOKUP($C30,'0510'!$C$1:'0510'!G$48,4,FALSE),F30-D30)) -> 0 | K30: =G30-IFERROR(VLOOKUP($A30,'0510'!$A$1:'0510'!H$44,7,FALSE),IFERROR(VLOOKUP($C30,'0510'!$C$1:'0510'!H$44,5,FALSE),G30-E30)) -> 0 | L30: =IFERROR(K30/J30,) -> 0 | M30: 0407收益期246,648 | N30: 0420收益期257，654
A31: 草莓究竟是哪个季节的果实? | B31: 回答 | C31: 45734 | D31: 17 | E31: 10 | F31: 514 | G31: 680 | H31: =E31/D31 -> 0.58823529 | I31: =G31/F31 -> 1.3229572 | J31: =F31-IFERROR(VLOOKUP($A31,'0510'!$A$1:'0510'!G$48,6,FALSE),IFERROR(VLOOKUP($C31,'0510'!$C$1:'0510'!G$48,4,FALSE),F31-D31)) -> 0 | K31: =G31-IFERROR(VLOOKUP($A31,'0510'!$A$1:'0510'!H$44,7,FALSE),IFERROR(VLOOKUP($C31,'0510'!$C$1:'0510'!H$44,5,FALSE),G31-E31)) -> 0 | L31: =IFERROR(K31/J31,) -> 0 | M31: 0503收益期494,670
A32: 如果一辈子只吃荤，不吃素会怎样？ | B32: 回答 | C32: 45731 | D32: 38 | E32: 159 | F32: 246 | G32: 496 | H32: =E32/D32 -> 4.1842105 | I32: =G32/F32 -> 2.0162602 | J32: =F32-IFERROR(VLOOKUP($A32,'0510'!$A$1:'0510'!G$48,6,FALSE),IFERROR(VLOOKUP($C32,'0510'!$C$1:'0510'!G$48,4,FALSE),F32-D32)) -> 33 | K32: =G32-IFERROR(VLOOKUP($A32,'0510'!$A$1:'0510'!H$44,7,FALSE),IFERROR(VLOOKUP($C32,'0510'!$C$1:'0510'!H$44,5,FALSE),G32-E32)) -> 139 | L32: =IFERROR(K32/J32,) -> 4.2121212 | M32: 0417收益期192,337 | N32: 0510顶213,27,25,4
A33: 长期不吃早餐真的会得胆结石吗？还是危言耸听？ | B33: 回答 | C33: 45720 | D33: 21 | E33: 9 | F33: 382 | G33: 281 | H33: =E33/D33 -> 0.42857143 | I33: =G33/F33 -> 0.73560209 | J33: =F33-IFERROR(VLOOKUP($A33,'0510'!$A$1:'0510'!G$48,6,FALSE),IFERROR(VLOOKUP($C33,'0510'!$C$1:'0510'!G$48,4,FALSE),F33-D33)) -> 4 | K33: =G33-IFERROR(VLOOKUP($A33,'0510'!$A$1:'0510'!H$44,7,FALSE),IFERROR(VLOOKUP($C33,'0510'!$C$1:'0510'!H$44,5,FALSE),G33-E33)) -> 0 | L33: =IFERROR(K33/J33,) -> 0 | M33: 0406收益期290,272
A34: 文火煮鸡蛋要多久能保证蛋黄熟了？ | B34: 回答 | C34: 45474 | D34: 6 | E34: 1 | F34: 479 | G34: 37 | H34: =E34/D34 -> 0.16666667 | I34: =G34/F34 -> 0.077244259 | J34: =F34-IFERROR(VLOOKUP($A34,'0510'!$A$1:'0510'!G$48,6,FALSE),IFERROR(VLOOKUP($C34,'0510'!$C$1:'0510'!G$48,4,FALSE),F34-D34)) -> 0 | K34: =G34-IFERROR(VLOOKUP($A34,'0510'!$A$1:'0510'!H$44,7,FALSE),IFERROR(VLOOKUP($C34,'0510'!$C$1:'0510'!H$44,5,FALSE),G34-E34)) -> 0 | L34: =IFERROR(K34/J34,) -> 0 | M34: 241024收益期436,36
K35: =SUM(K2:K34) -> 1032
A45: 鸡头跟鸡屁股都去哪儿了？？？ | C45: 45765 | M45: 0511荐142，46，83，5，2

Sheet 0512
A1: 内容 | B1: 内容类型 | C1: 内容发布时间 | D1: 本期阅读量 | E1: 本期收益 | F1: 累计阅读量 | G1: 累计收益 | J1: 新增浏览 | K1: 新增收益
A2: 为什么我的红糖馒头蒸出来是这样的？ | B2: 回答 | C2: 45788 | D2: 96 | E2: 314 | F2: 96 | G2: 314 | H2: =E2/D2 -> 3.2708333 | I2: =G2/F2 -> 3.2708333 | J2: =F2-IFERROR(VLOOKUP($A2,'0511'!$A$1:'0511'!G$48,6,FALSE),IFERROR(VLOOKUP($C2,'0511'!$C$1:'0511'!G$48,4,FALSE),F2-D2)) -> 96 | K2: =G2-IFERROR(VLOOKUP($A2,'0511'!$A$1:'0511'!H$44,7,FALSE),IFERROR(VLOOKUP($C2,'0511'!$C$1:'0511'!H$44,5,FALSE),G2-E2)) -> 314 | L2: =IFERROR(K2/J2,) -> 3.2708333
A3: 为什么同一种食材（如豆腐）在不同文化中的烹饪方式和地位差异如此显著？ | B3: 回答 | C3: 45787 | D3: 124 | E3: 651 | F3: 124 | G3: 651 | H3: =E3/D3 -> 5.25 | I3: =G3/F3 -> 5.25 | J3: =F3-IFERROR(VLOOKUP($A3,'0511'!$A$1:'0511'!G$48,6,FALSE),IFERROR(VLOOKUP($C3,'0511'!$C$1:'0511'!G$48,4,FALSE),F3-D3)) -> 27 | K3: =G3-IFERROR(VLOOKUP($A3,'0511'!$A$1:'0511'!H$44,7,FALSE),IFERROR(VLOOKUP($C3,'0511'!$C$1:'0511'!H$44,5,FALSE),G3-E3)) -> 136 | L3: =IFERROR(K3/J3,) -> 5.037037
A4: 如何评价大锅卤菜？ | B4: 回答 | C4: 45786 | D4: 169 | E4: 281 | F4: 169 | G4: 281 | H4: =E4/D4 -> 1.6627219 | I4: =G4/F4 -> 1.6627219 | J4: =F4-IFERROR(VLOOKUP($A4,'0511'!$A$1:'0511'!G$48,6,FALSE),IFERROR(VLOOKUP($C4,'0511'!$C$1:'0511'!G$48,4,FALSE),F4-D4)) -> 25 | K4: =G4-IFERROR(VLOOKUP($A4,'0511'!$A$1:'0511'!H$44,7,FALSE),IFERROR(VLOOKUP($C4,'0511'!$C$1:'0511'!H$44,5,FALSE),G4-E4)) -> 6 | L4: =IFERROR(K4/J4,) -> 0.24 | M4: 0510荐117，18,14,5,2
A5: 这是什么蔬菜，如何烹饪？ | B5: 回答 | C5: 45786 | D5: 320 | E5: 319 | F5: 320 | G5: 319 | H5: =E5/D5 -> 0.996875 | I5: =G5/F5 -> 0.996875 | J5: =F5-IFERROR(VLOOKUP($A5,'0511'!$A$1:'0511'!G$48,6,FALSE),IFERROR(VLOOKUP($C5,'0511'!$C$1:'0511'!G$48,4,FALSE),F5-D5)) -> 55 | K5: =G5-IFERROR(VLOOKUP($A5,'0511'!$A$1:'0511'!H$44,7,FALSE),IFERROR(VLOOKUP($C5,'0511'!$C$1:'0511'!H$44,5,FALSE),G5-E5)) -> 25 | L5: =IFERROR(K5/J5,) -> 0.45454545
A6: 请问下是什么树，几年前家里人买的，一直放在天台，现在开始结果了? | B6: 回答 | C6: 45785 | D6: 290 | E6: 195 | F6: 290 | G6: 195 | H6: =E6/D6 -> 0.67241379 | I6: =G6/F6 -> 0.67241379 | J6: =F6-IFERROR(VLOOKUP($A6,'0511'!$A$1:'0511'!G$48,6,FALSE),IFERROR(VLOOKUP($C6,'0511'!$C$1:'0511'!G$48,4,FALSE),F6-D6)) -> 4 | K6: =G6-IFERROR(VLOOKUP($A6,'0511'!$A$1:'0511'!H$44,7,FALSE),IFERROR(VLOOKUP($C6,'0511'!$C$1:'0511'!H$44,5,FALSE),G6-E6)) -> 0 | L6: =IFERROR(K6/J6,) -> 0
A7: 大神们，这是什么鸟下的蛋？ | B7: 回答 | C7: 45784 | D7: 526 | E7: 622 | F7: 526 | G7: 622 | H7: =E7/D7 -> 1.1825095 | I7: =G7/F7 -> 1.1825095 | J7: =F7-IFERROR(VLOOKUP($A7,'0511'!$A$1:'0511'!G$48,6,FALSE),IFERROR(VLOOKUP($C7,'0511'!$C$1:'0511'!G$48,4,FALSE),F7-D7)) -> 13 | K7: =G7-IFERROR(VLOOKUP($A7,'0511'!$A$1:'0511'!H$44,7,FALSE),IFERROR(VLOOKUP($C7,'0511'!$C$1:'0511'!H$44,5,FALSE),G7-E7)) -> 0 | L7: =IFERROR(K7/J7,) -> 0
A8: 如何判断鸡蛋是否坏掉了？ | B8: 回答 | C8: 45783 | D8: 205 | E8: 216 | F8: 205 | G8: 216 | H8: =E8/D8 -> 1.0536585 | I8: =G8/F8 -> 1.0536585 | J8: =F8-IFERROR(VLOOKUP($A8,'0511'!$A$1:'0511'!G$48,6,FALSE),IFERROR(VLOOKUP($C8,'0511'!$C$1:'0511'!G$48,4,FALSE),F8-D8)) -> 13 | K8: =G8-IFERROR(VLOOKUP($A8,'0511'!$A$1:'0511'!H$44,7,FALSE),IFERROR(VLOOKUP($C8,'0511'!$C$1:'0511'!H$44,5,FALSE),G8-E8)) -> 0 | L8: =IFERROR(K8/J8,) -> 0
A9: 现在还有马嘛？村子卖得马肉不会是骡子肉吧❓️❓️❓️? | B9: 回答 | C9: 45783 | D9: 142 | E9: 209 | F9: 142 | G9: 209 | H9: =E9/D9 -> 1.471831 | I9: =G9/F9 -> 1.471831 | J9: =F9-IFERROR(VLOOKUP($A9,'0511'!$A$1:'0511'!G$48,6,FALSE),IFERROR(VLOOKUP($C9,'0511'!$C$1:'0511'!G$48,4,FALSE),F9-D9)) -> 4 | K9: =G9-IFERROR(VLOOKUP($A9,'0511'!$A$1:'0511'!H$44,7,FALSE),IFERROR(VLOOKUP($C9,'0511'!$C$1:'0511'!H$44,5,FALSE),G9-E9)) -> 0 | L9: =IFERROR(K9/J9,) -> 0
A10: 为什么草莓不容易活？ | B10: 回答 | C10: 45782 | D10: 323 | E10: 216 | F10: 323 | G10: 216 | H10: =E10/D10 -> 0.66873065 | I10: =G10/F10 -> 0.66873065 | J10: =F10-IFERROR(VLOOKUP($A10,'0511'!$A$1:'0511'!G$48,6,FALSE),IFERROR(VLOOKUP($C10,'0511'!$C$1:'0511'!G$48,4,FALSE),F10-D10)) -> 5 | K10: =G10-IFERROR(VLOOKUP($A10,'0511'!$A$1:'0511'!H$44,7,FALSE),IFERROR(VLOOKUP($C10,'0511'!$C$1:'0511'!H$44,5,FALSE),G10-E10)) -> 8 | L10: =IFERROR(K10/J10,) -> 1.6
A11: 有人见过路边这种果实么？ | B11: 回答 | C11: 45781 | D11: 235 | E11: 443 | F11: 308 | G11: 653 | H11: =E11/D11 -> 1.8851064 | I11: =G11/F11 -> 2.1201299 | J11: =F11-IFERROR(VLOOKUP($A11,'0511'!$A$1:'0511'!G$48,6,FALSE),IFERROR(VLOOKUP($C11,'0511'!$C$1:'0511'!G$48,4,FALSE),F11-D11)) -> 38 | K11: =G11-IFERROR(VLOOKUP($A11,'0511'!$A$1:'0511'!H$44,7,FALSE),IFERROR(VLOOKUP($C11,'0511'!$C$1:'0511'!H$44,5,FALSE),G11-E11)) -> 6 | L11: =IFERROR(K11/J11,) -> 0.15789474
A12: 明明白面是由小麦制成的，为什么很多老人80年代后才吃得起白面馒头？ | B12: 回答 | C12: 45780 | D12: 520 | E12: 133 | F12: 1221 | G12: 537 | H12: =E12/D12 -> 0.25576923 | I12: =G12/F12 -> 0.43980344 | J12: =F12-IFERROR(VLOOKUP($A12,'0511'!$A$1:'0511'!G$48,6,FALSE),IFERROR(VLOOKUP($C12,'0511'!$C$1:'0511'!G$48,4,FALSE),F12-D12)) -> 3 | K12: =G12-IFERROR(VLOOKUP($A12,'0511'!$A$1:'0511'!H$44,7,FALSE),IFERROR(VLOOKUP($C12,'0511'!$C$1:'0511'!H$44,5,FALSE),G12-E12)) -> 0 | L12: =IFERROR(K12/J12,) -> 0
A13: 自己种的都忘了，请问这个是什么果树? | B13: 回答 | C13: 45779 | D13: 63 | E13: 8 | F13: 196 | G13: 147 | H13: =E13/D13 -> 0.12698413 | I13: =G13/F13 -> 0.75 | J13: =F13-IFERROR(VLOOKUP($A13,'0511'!$A$1:'0511'!G$48,6,FALSE),IFERROR(VLOOKUP($C13,'0511'!$C$1:'0511'!G$48,4,FALSE),F13-D13)) -> 2 | K13: =G13-IFERROR(VLOOKUP($A13,'0511'!$A$1:'0511'!H$44,7,FALSE),IFERROR(VLOOKUP($C13,'0511'!$C$1:'0511'!H$44,5,FALSE),G13-E13)) -> 0 | L13: =IFERROR(K13/J13,) -> 0
A14: 前几天养了四只小鸡，一只死了。还剩三只鸡，其中的一只鸡又被其它两只小鸡把屁眼那块啄的血琳琳，啥原因？ | B14: 回答 | C14: 45778 | D14: 43 | E14: 14 | F14: 385 | G14: 168 | H14: =E14/D14 -> 0.3255814 | I14: =G14/F14 -> 0.43636364 | J14: =F14-IFERROR(VLOOKUP($A14,'0511'!$A$1:'0511'!G$48,6,FALSE),IFERROR(VLOOKUP($C14,'0511'!$C$1:'0511'!G$48,4,FALSE),F14-D14)) -> 0 | K14: =G14-IFERROR(VLOOKUP($A14,'0511'!$A$1:'0511'!H$44,7,FALSE),IFERROR(VLOOKUP($C14,'0511'!$C$1:'0511'!H$44,5,FALSE),G14-E14)) -> 0 | L14: =IFERROR(K14/J14,) -> 0
A15: 请问在不破坏树的情况下怎么把树皮腐蚀下来一点，不让大树压到房子? | B15: 回答 | C15: 45777 | D15: 30 | E15: 21 | F15: 239 | G15: 304 | H15: =E15/D15 -> 0.7 | I15: =G15/F15 -> 1.2719665 | J15: =F15-IFERROR(VLOOKUP($A15,'0511'!$A$1:'0511'!G$48,6,FALSE),IFERROR(VLOOKUP($C15,'0511'!$C$1:'0511'!G$48,4,FALSE),F15-D15)) -> 0 | K15: =G15-IFERROR(VLOOKUP($A15,'0511'!$A$1:'0511'!H$44,7,FALSE),IFERROR(VLOOKUP($C15,'0511'!$C$1:'0511'!H$44,5,FALSE),G15-E15)) -> 0 | L15: =IFERROR(K15/J15,) -> 0 | M15: 0508荐238,32,11,3,1
A16: 香椿的功效与作用是什么呢？ | B16: 回答 | C16: 45777 | D16: 98 | E16: 430 | F16: 196 | G16: 748 | H16: =E16/D16 -> 4.3877551 | I16: =G16/F16 -> 3.8163265 | J16: =F16-IFERROR(VLOOKUP($A16,'0511'!$A$1:'0511'!G$48,6,FALSE),IFERROR(VLOOKUP($C16,'0511'!$C$1:'0511'!G$48,4,FALSE),F16-D16)) -> 10 | K16: =G16-IFERROR(VLOOKUP($A16,'0511'!$A$1:'0511'!H$44,7,FALSE),IFERROR(VLOOKUP($C16,'0511'!$C$1:'0511'!H$44,5,FALSE),G16-E16)) -> 0 | L16: =IFERROR(K16/J16,) -> 0 | M16: 0502顶78,26,10,4，2
A17: 人一天到底要吃多少，才不会太多也不会太少？ | B17: 回答 | C17: 45776 | D17: 74 | E17: 4 | F17: 680 | G17: 397 | H17: =E17/D17 -> 0.054054054 | I17: =G17/F17 -> 0.58382353 | J17: =F17-IFERROR(VLOOKUP($A17,'0511'!$A$1:'0511'!G$48,6,FALSE),IFERROR(VLOOKUP($C17,'0511'!$C$1:'0511'!G$48,4,FALSE),F17-D17)) -> 5 | K17: =G17-IFERROR(VLOOKUP($A17,'0511'!$A$1:'0511'!H$44,7,FALSE),IFERROR(VLOOKUP($C17,'0511'!$C$1:'0511'!H$44,5,FALSE),G17-E17)) -> 0 | L17: =IFERROR(K17/J17,) -> 0
A18: 你能不能找到一个比较简单的数学问题，但是deepseek却得不到正确结果？ | B18: 回答 | C18: 45769 | D18: 40 | E18: 14 | F18: 601 | G18: 348 | H18: =E18/D18 -> 0.35 | I18: =G18/F18 -> 0.57903494 | J18: =F18-IFERROR(VLOOKUP($A18,'0511'!$A$1:'0511'!G$48,6,FALSE),IFERROR(VLOOKUP($C18,'0511'!$C$1:'0511'!G$48,4,FALSE),F18-D18)) -> 3 | K18: =G18-IFERROR(VLOOKUP($A18,'0511'!$A$1:'0511'!H$44,7,FALSE),IFERROR(VLOOKUP($C18,'0511'!$C$1:'0511'!H$44,5,FALSE),G18-E18)) -> 0 | L18: =IFERROR(K18/J18,) -> 0
A19: 同样的电饭煲煮饭，用不同的大米煮，加的水是一样的吗？ | B19: 回答 | C19: 45768 | D19: 7 | E19: 6 | F19: 223 | G19: 609 | H19: =E19/D19 -> 0.85714286 | I19: =G19/F19 -> 2.7309417 | J19: =F19-IFERROR(VLOOKUP($A19,'0511'!$A$1:'0511'!G$48,6,FALSE),IFERROR(VLOOKUP($C19,'0511'!$C$1:'0511'!G$48,4,FALSE),F19-D19)) -> 7 | K19: =G19-IFERROR(VLOOKUP($A19,'0511'!$A$1:'0511'!H$44,7,FALSE),IFERROR(VLOOKUP($C19,'0511'!$C$1:'0511'!H$44,5,FALSE),G19-E19)) -> 6 | L19: =IFERROR(K19/J19,) -> 0.85714286 | M19: 0506收益期216,603
A20: 大树被锯掉树冠还能发芽吗？ | B20: 回答 | C20: 45764 | D20: 62 | E20: 7 | F20: 434 | G20: 282 | H20: =E20/D20 -> 0.11290323 | I20: =G20/F20 -> 0.64976959 | J20: =F20-IFERROR(VLOOKUP($A20,'0511'!$A$1:'0511'!G$48,6,FALSE),IFERROR(VLOOKUP($C20,'0511'!$C$1:'0511'!G$48,4,FALSE),F20-D20)) -> 6 | K20: =G20-IFERROR(VLOOKUP($A20,'0511'!$A$1:'0511'!H$44,7,FALSE),IFERROR(VLOOKUP($C20,'0511'!$C$1:'0511'!H$44,5,FALSE),G20-E20)) -> 0 | L20: =IFERROR(K20/J20,) -> 0
A21: 请问怎么能彻底杀死一棵香椿树？ | B21: 回答 | C21: 45763 | D21: 13 | E21: 16 | F21: 665 | G21: 386 | H21: =E21/D21 -> 1.2307692 | I21: =G21/F21 -> 0.58045113 | J21: =F21-IFERROR(VLOOKUP($A21,'0511'!$A$1:'0511'!G$48,6,FALSE),IFERROR(VLOOKUP($C21,'0511'!$C$1:'0511'!G$48,4,FALSE),F21-D21)) -> 1 | K21: =G21-IFERROR(VLOOKUP($A21,'0511'!$A$1:'0511'!H$44,7,FALSE),IFERROR(VLOOKUP($C21,'0511'!$C$1:'0511'!H$44,5,FALSE),G21-E21)) -> 0 | L21: =IFERROR(K21/J21,) -> 0 | M21: 0503收益期651,370
A22: 请问在食堂打饭时一两米饭指的是熟重一两还是生重一两? | B22: 回答 | C22: 45762 | D22: 25 | E22: 6 | F22: 628 | G22: 647 | H22: =E22/D22 -> 0.24 | I22: =G22/F22 -> 1.0302548 | J22: =F22-IFERROR(VLOOKUP($A22,'0511'!$A$1:'0511'!G$48,6,FALSE),IFERROR(VLOOKUP($C22,'0511'!$C$1:'0511'!G$48,4,FALSE),F22-D22)) -> 3 | K22: =G22-IFERROR(VLOOKUP($A22,'0511'!$A$1:'0511'!H$44,7,FALSE),IFERROR(VLOOKUP($C22,'0511'!$C$1:'0511'!H$44,5,FALSE),G22-E22)) -> 0 | L22: =IFERROR(K22/J22,) -> 0 | M22: 0428收益期593,635
A23: 做蒸饺时应该怎么和面呢？ | B23: 回答 | C23: 45761 | D23: 17 | E23: 32 | F23: 1074 | G23: 951 | H23: =E23/D23 -> 1.8823529 | I23: =G23/F23 -> 0.88547486 | J23: =F23-IFERROR(VLOOKUP($A23,'0511'!$A$1:'0511'!G$48,6,FALSE),IFERROR(VLOOKUP($C23,'0511'!$C$1:'0511'!G$48,4,FALSE),F23-D23)) -> 2 | K23: =G23-IFERROR(VLOOKUP($A23,'0511'!$A$1:'0511'!H$44,7,FALSE),IFERROR(VLOOKUP($C23,'0511'!$C$1:'0511'!H$44,5,FALSE),G23-E23)) -> 0 | L23: =IFERROR(K23/J23,) -> 0 | M23: 0426收益期1029,907
A24: 为什么我做的红烧肉总是不够软烂入味，有什么小窍门能让红烧肉达到入口即化的口感呢？ | B24: 回答 | C24: 45757 | D24: 20 | E24: 6 | F24: 651 | G24: 769 | H24: =E24/D24 -> 0.3 | I24: =G24/F24 -> 1.1812596 | J24: =F24-IFERROR(VLOOKUP($A24,'0511'!$A$1:'0511'!G$48,6,FALSE),IFERROR(VLOOKUP($C24,'0511'!$C$1:'0511'!G$48,4,FALSE),F24-D24)) -> 4 | K24: =G24-IFERROR(VLOOKUP($A24,'0511'!$A$1:'0511'!H$44,7,FALSE),IFERROR(VLOOKUP($C24,'0511'!$C$1:'0511'!H$44,5,FALSE),G24-E24)) -> 0 | L24: =IFERROR(K24/J24,) -> 0
A25: 茄子除了炒着吃以外，还有什么其他比较健康的烹饪方法？ | B25: 回答 | C25: 45755 | D25: 18 | E25: 10 | F25: 458 | G25: 521 | H25: =E25/D25 -> 0.55555556 | I25: =G25/F25 -> 1.1375546 | J25: =F25-IFERROR(VLOOKUP($A25,'0511'!$A$1:'0511'!G$48,6,FALSE),IFERROR(VLOOKUP($C25,'0511'!$C$1:'0511'!G$48,4,FALSE),F25-D25)) -> 0 | K25: =G25-IFERROR(VLOOKUP($A25,'0511'!$A$1:'0511'!H$44,7,FALSE),IFERROR(VLOOKUP($C25,'0511'!$C$1:'0511'!H$44,5,FALSE),G25-E25)) -> 0 | L25: =IFERROR(K25/J25,) -> 0 | M25: 0428收益期430,505
A26: 为什么南方种大米，东北也种大米，但华北地区却不种大米？ | B26: 回答 | C26: 45752 | D26: 34 | E26: 11 | F26: 9554 | G26: 1168 | H26: =E26/D26 -> 0.32352941 | I26: =G26/F26 -> 0.12225246 | J26: =F26-IFERROR(VLOOKUP($A26,'0511'!$A$1:'0511'!G$48,6,FALSE),IFERROR(VLOOKUP($C26,'0511'!$C$1:'0511'!G$48,4,FALSE),F26-D26)) -> 6 | K26: =G26-IFERROR(VLOOKUP($A26,'0511'!$A$1:'0511'!H$44,7,FALSE),IFERROR(VLOOKUP($C26,'0511'!$C$1:'0511'!H$44,5,FALSE),G26-E26)) -> 0 | L26: =IFERROR(K26/J26,) -> 0 | M26: 0427收益期9467,1157
A27: 钟南山呼吁别再「无效节约」，别让剩饭剩菜伤了胃，剩菜剩饭有哪些危害？生活中还有哪些饮食健康易被忽视？ | B27: 回答 | C27: 45748 | D27: 26 | E27: 5 | F27: 224510 | G27: 10598 | H27: =E27/D27 -> 0.19230769 | I27: =G27/F27 -> 0.047205024 | J27: =F27-IFERROR(VLOOKUP($A27,'0511'!$A$1:'0511'!G$48,6,FALSE),IFERROR(VLOOKUP($C27,'0511'!$C$1:'0511'!G$48,4,FALSE),F27-D27)) -> 3 | K27: =G27-IFERROR(VLOOKUP($A27,'0511'!$A$1:'0511'!H$44,7,FALSE),IFERROR(VLOOKUP($C27,'0511'!$C$1:'0511'!H$44,5,FALSE),G27-E27)) -> 0 | L27: =IFERROR(K27/J27,) -> 0 | M27: 0504收益期22.4万，10593
A28: 谁能提供一个猪肉好吃又简单的做法？ | B28: 回答 | C28: 45743 | D28: 126 | E28: 25 | F28: 5038 | G28: 2021 | H28: =E28/D28 -> 0.1984127 | I28: =G28/F28 -> 0.40115125 | J28: =F28-IFERROR(VLOOKUP($A28,'0511'!$A$1:'0511'!G$48,6,FALSE),IFERROR(VLOOKUP($C28,'0511'!$C$1:'0511'!G$48,4,FALSE),F28-D28)) -> 30 | K28: =G28-IFERROR(VLOOKUP($A28,'0511'!$A$1:'0511'!H$44,7,FALSE),IFERROR(VLOOKUP($C28,'0511'!$C$1:'0511'!H$44,5,FALSE),G28-E28)) -> 10 | L28: =IFERROR(K28/J28,) -> 0.33333333 | M28: 0425收益期4799,1976
A29: 牛肉水煮40分钟后，轻微炒2分钟，吃起来还是很硬很柴，问题出在哪里呢？ | B29: 回答 | C29: 45741 | D29: 90 | E29: 5 | F29: 1327 | G29: 692 | H29: =E29/D29 -> 0.055555556 | I29: =G29/F29 -> 0.52147702 | J29: =F29-IFERROR(VLOOKUP($A29,'0511'!$A$1:'0511'!G$48,6,FALSE),IFERROR(VLOOKUP($C29,'0511'!$C$1:'0511'!G$48,4,FALSE),F29-D29)) -> 7 | K29: =G29-IFERROR(VLOOKUP($A29,'0511'!$A$1:'0511'!H$44,7,FALSE),IFERROR(VLOOKUP($C29,'0511'!$C$1:'0511'!H$44,5,FALSE),G29-E29)) -> 0 | L29: =IFERROR(K29/J29,) -> 0 | M29: 0413收益期928，667
A30: 从外面买的饺子皮用不完该怎么吃才好吃? | B30: 回答 | C30: 45739 | D30: 27 | E30: 10 | F30: 302 | G30: 664 | H30: =E30/D30 -> 0.37037037 | I30: =G30/F30 -> 2.1986755 | J30: =F30-IFERROR(VLOOKUP($A30,'0511'!$A$1:'0511'!G$48,6,FALSE),IFERROR(VLOOKUP($C30,'0511'!$C$1:'0511'!G$48,4,FALSE),F30-D30)) -> 0 | K30: =G30-IFERROR(VLOOKUP($A30,'0511'!$A$1:'0511'!H$44,7,FALSE),IFERROR(VLOOKUP($C30,'0511'!$C$1:'0511'!H$44,5,FALSE),G30-E30)) -> 0 | L30: =IFERROR(K30/J30,) -> 0 | M30: 0407收益期246,648 | N30: 0420收益期257，654
A31: 草莓究竟是哪个季节的果实? | B31: 回答 | C31: 45734 | D31: 19 | E31: 10 | F31: 516 | G31: 680 | H31: =E31/D31 -> 0.52631579 | I31: =G31/F31 -> 1.3178295 | J31: =F31-IFERROR(VLOOKUP($A31,'0511'!$A$1:'0511'!G$48,6,FALSE),IFERROR(VLOOKUP($C31,'0511'!$C$1:'0511'!G$48,4,FALSE),F31-D31)) -> 2 | K31: =G31-IFERROR(VLOOKUP($A31,'0511'!$A$1:'0511'!H$44,7,FALSE),IFERROR(VLOOKUP($C31,'0511'!$C$1:'0511'!H$44,5,FALSE),G31-E31)) -> 0 | L31: =IFERROR(K31/J31,) -> 0 | M31: 0503收益期494,670
A32: 如果一辈子只吃荤，不吃素会怎样？ | B32: 回答 | C32: 45731 | D32: 59 | E32: 226 | F32: 267 | G32: 563 | H32: =E32/D32 -> 3.8305085 | I32: =G32/F32 -> 2.1086142 | J32: =F32-IFERROR(VLOOKUP($A32,'0511'!$A$1:'0511'!G$48,6,FALSE),IFERROR(VLOOKUP($C32,'0511'!$C$1:'0511'!G$48,4,FALSE),F32-D32)) -> 21 | K32: =G32-IFERROR(VLOOKUP($A32,'0511'!$A$1:'0511'!H$44,7,FALSE),IFERROR(VLOOKUP($C32,'0511'!$C$1:'0511'!H$44,5,FALSE),G32-E32)) -> 67 | L32: =IFERROR(K32/J32,) -> 3.1904762 | M32: 0417收益期192,337 | N32: 0510顶213,27,25,4
A33: 长期不吃早餐真的会得胆结石吗？还是危言耸听？ | B33: 回答 | C33: 45720 | D33: 10 | E33: 6 | F33: 382 | G33: 281 | H33: =E33/D33 -> 0.6 | I33: =G33/F33 -> 0.73560209 | J33: =F33-IFERROR(VLOOKUP($A33,'0511'!$A$1:'0511'!G$48,6,FALSE),IFERROR(VLOOKUP($C33,'0511'!$C$1:'0511'!G$48,4,FALSE),F33-D33)) -> 0 | K33: =G33-IFERROR(VLOOKUP($A33,'0511'!$A$1:'0511'!H$44,7,FALSE),IFERROR(VLOOKUP($C33,'0511'!$C$1:'0511'!H$44,5,FALSE),G33-E33)) -> 0 | L33: =IFERROR(K33/J33,) -> 0 | M33: 0406收益期290,272
A34: 文火煮鸡蛋要多久能保证蛋黄熟了？ | B34: 回答 | C34: 45474 | D34: 6 | E34: 1 | F34: 479 | G34: 37 | H34: =E34/D34 -> 0.16666667 | I34: =G34/F34 -> 0.077244259 | J34: =F34-IFERROR(VLOOKUP($A34,'0511'!$A$1:'0511'!G$48,6,FALSE),IFERROR(VLOOKUP($C34,'0511'!$C$1:'0511'!G$48,4,FALSE),F34-D34)) -> 0 | K34: =G34-IFERROR(VLOOKUP($A34,'0511'!$A$1:'0511'!H$44,7,FALSE),IFERROR(VLOOKUP($C34,'0511'!$C$1:'0511'!H$44,5,FALSE),G34-E34)) -> 0 | L34: =IFERROR(K34/J34,) -> 0 | M34: 241024收益期436,36
K35: =SUM(K2:K34) -> 578
M45: 0511荐142，46，83，5，2

Sheet 0513
A1: 内容 | B1: 内容类型 | C1: 内容发布时间 | D1: 本期阅读量 | E1: 本期收益 | F1: 累计阅读量 | G1: 累计收益 | J1: 新增浏览 | K1: 新增收益
A2: 蒸馒头时，加点儿什么能让馒头更松软？ | B2: 回答 | C2: 45789 | D2: 85 | E2: 307 | F2: 85 | G2: 307 | H2: =E2/D2 -> 3.6117647 | I2: =G2/F2 -> 3.6117647 | J2: =F2-IFERROR(VLOOKUP($A2,'0512'!$A$1:'0512'!G$48,6,FALSE),IFERROR(VLOOKUP($C2,'0512'!$C$1:'0512'!G$48,4,FALSE),F2-D2)) -> 85 | K2: =G2-IFERROR(VLOOKUP($A2,'0512'!$A$1:'0512'!H$44,7,FALSE),IFERROR(VLOOKUP($C2,'0512'!$C$1:'0512'!H$44,5,FALSE),G2-E2)) -> 307 | L2: =IFERROR(K2/J2,) -> 3.6117647
A3: 为什么我的红糖馒头蒸出来是这样的？ | B3: 回答 | C3: 45788 | D3: 131 | E3: 611 | F3: 131 | G3: 611 | H3: =E3/D3 -> 4.6641221 | I3: =G3/F3 -> 4.6641221 | J3: =F3-IFERROR(VLOOKUP($A3,'0512'!$A$1:'0512'!G$48,6,FALSE),IFERROR(VLOOKUP($C3,'0512'!$C$1:'0512'!G$48,4,FALSE),F3-D3)) -> 35 | K3: =G3-IFERROR(VLOOKUP($A3,'0512'!$A$1:'0512'!H$44,7,FALSE),IFERROR(VLOOKUP($C3,'0512'!$C$1:'0512'!H$44,5,FALSE),G3-E3)) -> 297 | L3: =IFERROR(K3/J3,) -> 8.4857143
A4: 为什么同一种食材（如豆腐）在不同文化中的烹饪方式和地位差异如此显著？ | B4: 回答 | C4: 45787 | D4: 144 | E4: 741 | F4: 144 | G4: 741 | H4: =E4/D4 -> 5.1458333 | I4: =G4/F4 -> 5.1458333 | J4: =F4-IFERROR(VLOOKUP($A4,'0512'!$A$1:'0512'!G$48,6,FALSE),IFERROR(VLOOKUP($C4,'0512'!$C$1:'0512'!G$48,4,FALSE),F4-D4)) -> 20 | K4: =G4-IFERROR(VLOOKUP($A4,'0512'!$A$1:'0512'!H$44,7,FALSE),IFERROR(VLOOKUP($C4,'0512'!$C$1:'0512'!H$44,5,FALSE),G4-E4)) -> 90 | L4: =IFERROR(K4/J4,) -> 4.5
A5: 如何评价大锅卤菜？ | B5: 回答 | C5: 45786 | D5: 270 | E5: 281 | F5: 270 | G5: 281 | H5: =E5/D5 -> 1.0407407 | I5: =G5/F5 -> 1.0407407 | J5: =F5-IFERROR(VLOOKUP($A5,'0512'!$A$1:'0512'!G$48,6,FALSE),IFERROR(VLOOKUP($C5,'0512'!$C$1:'0512'!G$48,4,FALSE),F5-D5)) -> 101 | K5: =G5-IFERROR(VLOOKUP($A5,'0512'!$A$1:'0512'!H$44,7,FALSE),IFERROR(VLOOKUP($C5,'0512'!$C$1:'0512'!H$44,5,FALSE),G5-E5)) -> 0 | L5: =IFERROR(K5/J5,) -> 0 | M5: 0510荐117，18,14,5,2
A6: 这是什么蔬菜，如何烹饪？ | B6: 回答 | C6: 45786 | D6: 343 | E6: 357 | F6: 343 | G6: 357 | H6: =E6/D6 -> 1.0408163 | I6: =G6/F6 -> 1.0408163 | J6: =F6-IFERROR(VLOOKUP($A6,'0512'!$A$1:'0512'!G$48,6,FALSE),IFERROR(VLOOKUP($C6,'0512'!$C$1:'0512'!G$48,4,FALSE),F6-D6)) -> 23 | K6: =G6-IFERROR(VLOOKUP($A6,'0512'!$A$1:'0512'!H$44,7,FALSE),IFERROR(VLOOKUP($C6,'0512'!$C$1:'0512'!H$44,5,FALSE),G6-E6)) -> 38 | L6: =IFERROR(K6/J6,) -> 1.6521739
A7: 请问下是什么树，几年前家里人买的，一直放在天台，现在开始结果了? | B7: 回答 | C7: 45785 | D7: 297 | E7: 195 | F7: 297 | G7: 195 | H7: =E7/D7 -> 0.65656566 | I7: =G7/F7 -> 0.65656566 | J7: =F7-IFERROR(VLOOKUP($A7,'0512'!$A$1:'0512'!G$48,6,FALSE),IFERROR(VLOOKUP($C7,'0512'!$C$1:'0512'!G$48,4,FALSE),F7-D7)) -> 7 | K7: =G7-IFERROR(VLOOKUP($A7,'0512'!$A$1:'0512'!H$44,7,FALSE),IFERROR(VLOOKUP($C7,'0512'!$C$1:'0512'!H$44,5,FALSE),G7-E7)) -> 0 | L7: =IFERROR(K7/J7,) -> 0
A8: 大神们，这是什么鸟下的蛋？ | B8: 回答 | C8: 45784 | D8: 537 | E8: 622 | F8: 537 | G8: 622 | H8: =E8/D8 -> 1.1582868 | I8: =G8/F8 -> 1.1582868 | J8: =F8-IFERROR(VLOOKUP($A8,'0512'!$A$1:'0512'!G$48,6,FALSE),IFERROR(VLOOKUP($C8,'0512'!$C$1:'0512'!G$48,4,FALSE),F8-D8)) -> 11 | K8: =G8-IFERROR(VLOOKUP($A8,'0512'!$A$1:'0512'!H$44,7,FALSE),IFERROR(VLOOKUP($C8,'0512'!$C$1:'0512'!H$44,5,FALSE),G8-E8)) -> 0 | L8: =IFERROR(K8/J8,) -> 0
A9: 如何判断鸡蛋是否坏掉了？ | B9: 回答 | C9: 45783 | D9: 205 | E9: 216 | F9: 205 | G9: 216 | H9: =E9/D9 -> 1.0536585 | I9: =G9/F9 -> 1.0536585 | J9: =F9-IFERROR(VLOOKUP($A9,'0512'!$A$1:'0512'!G$48,6,FALSE),IFERROR(VLOOKUP($C9,'0512'!$C$1:'0512'!G$48,4,FALSE),F9-D9)) -> 0 | K9: =G9-IFERROR(VLOOKUP($A9,'0512'!$A$1:'0512'!H$44,7,FALSE),IFERROR(VLOOKUP($C9,'0512'!$C$1:'0512'!H$44,5,FALSE),G9-E9)) -> 0 | L9: =IFERROR(K9/J9,) -> 0
A10: 现在还有马嘛？村子卖得马肉不会是骡子肉吧❓️❓️❓️? | B10: 回答 | C10: 45783 | D10: 145 | E10: 209 | F10: 145 | G10: 209 | H10: =E10/D10 -> 1.4413793 | I10: =G10/F10 -> 1.4413793 | J10: =F10-IFERROR(VLOOKUP($A10,'0512'!$A$1:'0512'!G$48,6,FALSE),IFERROR(VLOOKUP($C10,'0512'!$C$1:'0512'!G$48,4,FALSE),F10-D10)) -> 3 | K10: =G10-IFERROR(VLOOKUP($A10,'0512'!$A$1:'0512'!H$44,7,FALSE),IFERROR(VLOOKUP($C10,'0512'!$C$1:'0512'!H$44,5,FALSE),G10-E10)) -> 0 | L10: =IFERROR(K10/J10,) -> 0
A11: 为什么草莓不容易活？ | B11: 回答 | C11: 45782 | D11: 242 | E11: 67 | F11: 349 | G11: 216 | H11: =E11/D11 -> 0.2768595 | I11: =G11/F11 -> 0.61891117 | J11: =F11-IFERROR(VLOOKUP($A11,'0512'!$A$1:'0512'!G$48,6,FALSE),IFERROR(VLOOKUP($C11,'0512'!$C$1:'0512'!G$48,4,FALSE),F11-D11)) -> 26 | K11: =G11-IFERROR(VLOOKUP($A11,'0512'!$A$1:'0512'!H$44,7,FALSE),IFERROR(VLOOKUP($C11,'0512'!$C$1:'0512'!H$44,5,FALSE),G11-E11)) -> 0 | L11: =IFERROR(K11/J11,) -> 0
A12: 有人见过路边这种果实么？ | B12: 回答 | C12: 45781 | D12: 201 | E12: 197 | F12: 310 | G12: 659 | H12: =E12/D12 -> 0.9800995 | I12: =G12/F12 -> 2.1258065 | J12: =F12-IFERROR(VLOOKUP($A12,'0512'!$A$1:'0512'!G$48,6,FALSE),IFERROR(VLOOKUP($C12,'0512'!$C$1:'0512'!G$48,4,FALSE),F12-D12)) -> 2 | K12: =G12-IFERROR(VLOOKUP($A12,'0512'!$A$1:'0512'!H$44,7,FALSE),IFERROR(VLOOKUP($C12,'0512'!$C$1:'0512'!H$44,5,FALSE),G12-E12)) -> 6 | L12: =IFERROR(K12/J12,) -> 3
A13: 明明白面是由小麦制成的，为什么很多老人80年代后才吃得起白面馒头？ | B13: 回答 | C13: 45780 | D13: 263 | E13: 49 | F13: 1230 | G13: 537 | H13: =E13/D13 -> 0.18631179 | I13: =G13/F13 -> 0.43658537 | J13: =F13-IFERROR(VLOOKUP($A13,'0512'!$A$1:'0512'!G$48,6,FALSE),IFERROR(VLOOKUP($C13,'0512'!$C$1:'0512'!G$48,4,FALSE),F13-D13)) -> 9 | K13: =G13-IFERROR(VLOOKUP($A13,'0512'!$A$1:'0512'!H$44,7,FALSE),IFERROR(VLOOKUP($C13,'0512'!$C$1:'0512'!H$44,5,FALSE),G13-E13)) -> 0 | L13: =IFERROR(K13/J13,) -> 0
A14: 自己种的都忘了，请问这个是什么果树? | B14: 回答 | C14: 45779 | D14: 55 | E14: 20 | F14: 202 | G14: 159 | H14: =E14/D14 -> 0.36363636 | I14: =G14/F14 -> 0.78712871 | J14: =F14-IFERROR(VLOOKUP($A14,'0512'!$A$1:'0512'!G$48,6,FALSE),IFERROR(VLOOKUP($C14,'0512'!$C$1:'0512'!G$48,4,FALSE),F14-D14)) -> 6 | K14: =G14-IFERROR(VLOOKUP($A14,'0512'!$A$1:'0512'!H$44,7,FALSE),IFERROR(VLOOKUP($C14,'0512'!$C$1:'0512'!H$44,5,FALSE),G14-E14)) -> 12 | L14: =IFERROR(K14/J14,) -> 2
A15: 前几天养了四只小鸡，一只死了。还剩三只鸡，其中的一只鸡又被其它两只小鸡把屁眼那块啄的血琳琳，啥原因？ | B15: 回答 | C15: 45778 | D15: 42 | E15: 14 | F15: 391 | G15: 168 | H15: =E15/D15 -> 0.33333333 | I15: =G15/F15 -> 0.42966752 | J15: =F15-IFERROR(VLOOKUP($A15,'0512'!$A$1:'0512'!G$48,6,FALSE),IFERROR(VLOOKUP($C15,'0512'!$C$1:'0512'!G$48,4,FALSE),F15-D15)) -> 6 | K15: =G15-IFERROR(VLOOKUP($A15,'0512'!$A$1:'0512'!H$44,7,FALSE),IFERROR(VLOOKUP($C15,'0512'!$C$1:'0512'!H$44,5,FALSE),G15-E15)) -> 0 | L15: =IFERROR(K15/J15,) -> 0
A16: 请问在不破坏树的情况下怎么把树皮腐蚀下来一点，不让大树压到房子? | B16: 回答 | C16: 45777 | D16: 30 | E16: 14 | F16: 244 | G16: 304 | H16: =E16/D16 -> 0.46666667 | I16: =G16/F16 -> 1.2459016 | J16: =F16-IFERROR(VLOOKUP($A16,'0512'!$A$1:'0512'!G$48,6,FALSE),IFERROR(VLOOKUP($C16,'0512'!$C$1:'0512'!G$48,4,FALSE),F16-D16)) -> 5 | K16: =G16-IFERROR(VLOOKUP($A16,'0512'!$A$1:'0512'!H$44,7,FALSE),IFERROR(VLOOKUP($C16,'0512'!$C$1:'0512'!H$44,5,FALSE),G16-E16)) -> 0 | L16: =IFERROR(K16/J16,) -> 0 | M16: 0508荐238,32,11,3,1
A17: 香椿的功效与作用是什么呢？ | B17: 回答 | C17: 45777 | D17: 77 | E17: 236 | F17: 196 | G17: 748 | H17: =E17/D17 -> 3.0649351 | I17: =G17/F17 -> 3.8163265 | J17: =F17-IFERROR(VLOOKUP($A17,'0512'!$A$1:'0512'!G$48,6,FALSE),IFERROR(VLOOKUP($C17,'0512'!$C$1:'0512'!G$48,4,FALSE),F17-D17)) -> 0 | K17: =G17-IFERROR(VLOOKUP($A17,'0512'!$A$1:'0512'!H$44,7,FALSE),IFERROR(VLOOKUP($C17,'0512'!$C$1:'0512'!H$44,5,FALSE),G17-E17)) -> 0 | L17: =IFERROR(K17/J17,) -> 0 | M17: 0502顶78,26,10,4，2
A18: 人一天到底要吃多少，才不会太多也不会太少？ | B18: 回答 | C18: 45776 | D18: 65 | E18: 4 | F18: 684 | G18: 397 | H18: =E18/D18 -> 0.061538462 | I18: =G18/F18 -> 0.58040936 | J18: =F18-IFERROR(VLOOKUP($A18,'0512'!$A$1:'0512'!G$48,6,FALSE),IFERROR(VLOOKUP($C18,'0512'!$C$1:'0512'!G$48,4,FALSE),F18-D18)) -> 4 | K18: =G18-IFERROR(VLOOKUP($A18,'0512'!$A$1:'0512'!H$44,7,FALSE),IFERROR(VLOOKUP($C18,'0512'!$C$1:'0512'!H$44,5,FALSE),G18-E18)) -> 0 | L18: =IFERROR(K18/J18,) -> 0
A19: 你能不能找到一个比较简单的数学问题，但是deepseek却得不到正确结果？ | B19: 回答 | C19: 45769 | D19: 38 | E19: 14 | F19: 607 | G19: 348 | H19: =E19/D19 -> 0.36842105 | I19: =G19/F19 -> 0.57331137 | J19: =F19-IFERROR(VLOOKUP($A19,'0512'!$A$1:'0512'!G$48,6,FALSE),IFERROR(VLOOKUP($C19,'0512'!$C$1:'0512'!G$48,4,FALSE),F19-D19)) -> 6 | K19: =G19-IFERROR(VLOOKUP($A19,'0512'!$A$1:'0512'!H$44,7,FALSE),IFERROR(VLOOKUP($C19,'0512'!$C$1:'0512'!H$44,5,FALSE),G19-E19)) -> 0 | L19: =IFERROR(K19/J19,) -> 0
A20: 同样的电饭煲煮饭，用不同的大米煮，加的水是一样的吗？ | B20: 回答 | C20: 45768 | D20: 12 | E20: 6 | F20: 228 | G20: 609 | H20: =E20/D20 -> 0.5 | I20: =G20/F20 -> 2.6710526 | J20: =F20-IFERROR(VLOOKUP($A20,'0512'!$A$1:'0512'!G$48,6,FALSE),IFERROR(VLOOKUP($C20,'0512'!$C$1:'0512'!G$48,4,FALSE),F20-D20)) -> 5 | K20: =G20-IFERROR(VLOOKUP($A20,'0512'!$A$1:'0512'!H$44,7,FALSE),IFERROR(VLOOKUP($C20,'0512'!$C$1:'0512'!H$44,5,FALSE),G20-E20)) -> 0 | L20: =IFERROR(K20/J20,) -> 0 | M20: 0506收益期216,603
A21: 为啥大中火煸油 没等油煸出来就糊了? | B21: 回答 | C21: 45765 | D21: 5 | E21: 6 | F21: 409 | G21: 458 | H21: =E21/D21 -> 1.2 | I21: =G21/F21 -> 1.1198044 | J21: =F21-IFERROR(VLOOKUP($A21,'0512'!$A$1:'0512'!G$48,6,FALSE),IFERROR(VLOOKUP($C21,'0512'!$C$1:'0512'!G$48,4,FALSE),F21-D21)) -> 5 | K21: =G21-IFERROR(VLOOKUP($A21,'0512'!$A$1:'0512'!H$44,7,FALSE),IFERROR(VLOOKUP($C21,'0512'!$C$1:'0512'!H$44,5,FALSE),G21-E21)) -> 6 | L21: =IFERROR(K21/J21,) -> 1.2 | M21: 0504收益期404,452
A22: 请问怎么能彻底杀死一棵香椿树？ | B22: 回答 | C22: 45763 | D22: 17 | E22: 16 | F22: 669 | G22: 386 | H22: =E22/D22 -> 0.94117647 | I22: =G22/F22 -> 0.57698057 | J22: =F22-IFERROR(VLOOKUP($A22,'0512'!$A$1:'0512'!G$48,6,FALSE),IFERROR(VLOOKUP($C22,'0512'!$C$1:'0512'!G$48,4,FALSE),F22-D22)) -> 4 | K22: =G22-IFERROR(VLOOKUP($A22,'0512'!$A$1:'0512'!H$44,7,FALSE),IFERROR(VLOOKUP($C22,'0512'!$C$1:'0512'!H$44,5,FALSE),G22-E22)) -> 0 | L22: =IFERROR(K22/J22,) -> 0 | M22: 0503收益期651,370
A23: 请问在食堂打饭时一两米饭指的是熟重一两还是生重一两? | B23: 回答 | C23: 45762 | D23: 25 | E23: 6 | F23: 628 | G23: 647 | H23: =E23/D23 -> 0.24 | I23: =G23/F23 -> 1.0302548 | J23: =F23-IFERROR(VLOOKUP($A23,'0512'!$A$1:'0512'!G$48,6,FALSE),IFERROR(VLOOKUP($C23,'0512'!$C$1:'0512'!G$48,4,FALSE),F23-D23)) -> 0 | K23: =G23-IFERROR(VLOOKUP($A23,'0512'!$A$1:'0512'!H$44,7,FALSE),IFERROR(VLOOKUP($C23,'0512'!$C$1:'0512'!H$44,5,FALSE),G23-E23)) -> 0 | L23: =IFERROR(K23/J23,) -> 0 | M23: 0428收益期593,635
A24: 做蒸饺时应该怎么和面呢？ | B24: 回答 | C24: 45761 | D24: 18 | E24: 32 | F24: 1075 | G24: 951 | H24: =E24/D24 -> 1.7777778 | I24: =G24/F24 -> 0.88465116 | J24: =F24-IFERROR(VLOOKUP($A24,'0512'!$A$1:'0512'!G$48,6,FALSE),IFERROR(VLOOKUP($C24,'0512'!$C$1:'0512'!G$48,4,FALSE),F24-D24)) -> 1 | K24: =G24-IFERROR(VLOOKUP($A24,'0512'!$A$1:'0512'!H$44,7,FALSE),IFERROR(VLOOKUP($C24,'0512'!$C$1:'0512'!H$44,5,FALSE),G24-E24)) -> 0 | L24: =IFERROR(K24/J24,) -> 0 | M24: 0426收益期1029,907
A25: 为什么我做的红烧肉总是不够软烂入味，有什么小窍门能让红烧肉达到入口即化的口感呢？ | B25: 回答 | C25: 45757 | D25: 20 | E25: 6 | F25: 651 | G25: 769 | H25: =E25/D25 -> 0.3 | I25: =G25/F25 -> 1.1812596 | J25: =F25-IFERROR(VLOOKUP($A25,'0512'!$A$1:'0512'!G$48,6,FALSE),IFERROR(VLOOKUP($C25,'0512'!$C$1:'0512'!G$48,4,FALSE),F25-D25)) -> 0 | K25: =G25-IFERROR(VLOOKUP($A25,'0512'!$A$1:'0512'!H$44,7,FALSE),IFERROR(VLOOKUP($C25,'0512'!$C$1:'0512'!H$44,5,FALSE),G25-E25)) -> 0 | L25: =IFERROR(K25/J25,) -> 0
A26: 茄子除了炒着吃以外，还有什么其他比较健康的烹饪方法？ | B26: 回答 | C26: 45755 | D26: 18 | E26: 10 | F26: 460 | G26: 521 | H26: =E26/D26 -> 0.55555556 | I26: =G26/F26 -> 1.1326087 | J26: =F26-IFERROR(VLOOKUP($A26,'0512'!$A$1:'0512'!G$48,6,FALSE),IFERROR(VLOOKUP($C26,'0512'!$C$1:'0512'!G$48,4,FALSE),F26-D26)) -> 2 | K26: =G26-IFERROR(VLOOKUP($A26,'0512'!$A$1:'0512'!H$44,7,FALSE),IFERROR(VLOOKUP($C26,'0512'!$C$1:'0512'!H$44,5,FALSE),G26-E26)) -> 0 | L26: =IFERROR(K26/J26,) -> 0 | M26: 0428收益期430,505
A27: 为什么南方种大米，东北也种大米，但华北地区却不种大米？ | B27: 回答 | C27: 45752 | D27: 43 | E27: 11 | F27: 9569 | G27: 1168 | H27: =E27/D27 -> 0.25581395 | I27: =G27/F27 -> 0.12206082 | J27: =F27-IFERROR(VLOOKUP($A27,'0512'!$A$1:'0512'!G$48,6,FALSE),IFERROR(VLOOKUP($C27,'0512'!$C$1:'0512'!G$48,4,FALSE),F27-D27)) -> 15 | K27: =G27-IFERROR(VLOOKUP($A27,'0512'!$A$1:'0512'!H$44,7,FALSE),IFERROR(VLOOKUP($C27,'0512'!$C$1:'0512'!H$44,5,FALSE),G27-E27)) -> 0 | L27: =IFERROR(K27/J27,) -> 0 | M27: 0427收益期9467,1157
A28: 谁能提供一个猪肉好吃又简单的做法？ | B28: 回答 | C28: 45743 | D28: 154 | E28: 50 | F28: 5070 | G28: 2046 | H28: =E28/D28 -> 0.32467532 | I28: =G28/F28 -> 0.4035503 | J28: =F28-IFERROR(VLOOKUP($A28,'0512'!$A$1:'0512'!G$48,6,FALSE),IFERROR(VLOOKUP($C28,'0512'!$C$1:'0512'!G$48,4,FALSE),F28-D28)) -> 32 | K28: =G28-IFERROR(VLOOKUP($A28,'0512'!$A$1:'0512'!H$44,7,FALSE),IFERROR(VLOOKUP($C28,'0512'!$C$1:'0512'!H$44,5,FALSE),G28-E28)) -> 25 | L28: =IFERROR(K28/J28,) -> 0.78125 | M28: 0425收益期4799,1976
A29: 牛肉水煮40分钟后，轻微炒2分钟，吃起来还是很硬很柴，问题出在哪里呢？ | B29: 回答 | C29: 45741 | D29: 82 | E29: 5 | F29: 1331 | G29: 692 | H29: =E29/D29 -> 0.06097561 | I29: =G29/F29 -> 0.51990984 | J29: =F29-IFERROR(VLOOKUP($A29,'0512'!$A$1:'0512'!G$48,6,FALSE),IFERROR(VLOOKUP($C29,'0512'!$C$1:'0512'!G$48,4,FALSE),F29-D29)) -> 4 | K29: =G29-IFERROR(VLOOKUP($A29,'0512'!$A$1:'0512'!H$44,7,FALSE),IFERROR(VLOOKUP($C29,'0512'!$C$1:'0512'!H$44,5,FALSE),G29-E29)) -> 0 | L29: =IFERROR(K29/J29,) -> 0 | M29: 0413收益期928，667
A30: 从外面买的饺子皮用不完该怎么吃才好吃? | B30: 回答 | C30: 45739 | D30: 26 | E30: 10 | F30: 302 | G30: 664 | H30: =E30/D30 -> 0.38461538 | I30: =G30/F30 -> 2.1986755 | J30: =F30-IFERROR(VLOOKUP($A30,'0512'!$A$1:'0512'!G$48,6,FALSE),IFERROR(VLOOKUP($C30,'0512'!$C$1:'0512'!G$48,4,FALSE),F30-D30)) -> 0 | K30: =G30-IFERROR(VLOOKUP($A30,'0512'!$A$1:'0512'!H$44,7,FALSE),IFERROR(VLOOKUP($C30,'0512'!$C$1:'0512'!H$44,5,FALSE),G30-E30)) -> 0 | L30: =IFERROR(K30/J30,) -> 0 | M30: 0407收益期246,648 | N30: 0420收益期257，654
A31: 草莓究竟是哪个季节的果实? | B31: 回答 | C31: 45734 | D31: 14 | E31: 5 | F31: 518 | G31: 680 | H31: =E31/D31 -> 0.35714286 | I31: =G31/F31 -> 1.3127413 | J31: =F31-IFERROR(VLOOKUP($A31,'0512'!$A$1:'0512'!G$48,6,FALSE),IFERROR(VLOOKUP($C31,'0512'!$C$1:'0512'!G$48,4,FALSE),F31-D31)) -> 2 | K31: =G31-IFERROR(VLOOKUP($A31,'0512'!$A$1:'0512'!H$44,7,FALSE),IFERROR(VLOOKUP($C31,'0512'!$C$1:'0512'!H$44,5,FALSE),G31-E31)) -> 0 | L31: =IFERROR(K31/J31,) -> 0 | M31: 0503收益期494,670
A32: 如果一辈子只吃荤，不吃素会怎样？ | B32: 回答 | C32: 45731 | D32: 75 | E32: 334 | F32: 285 | G32: 671 | H32: =E32/D32 -> 4.4533333 | I32: =G32/F32 -> 2.354386 | J32: =F32-IFERROR(VLOOKUP($A32,'0512'!$A$1:'0512'!G$48,6,FALSE),IFERROR(VLOOKUP($C32,'0512'!$C$1:'0512'!G$48,4,FALSE),F32-D32)) -> 18 | K32: =G32-IFERROR(VLOOKUP($A32,'0512'!$A$1:'0512'!H$44,7,FALSE),IFERROR(VLOOKUP($C32,'0512'!$C$1:'0512'!H$44,5,FALSE),G32-E32)) -> 108 | L32: =IFERROR(K32/J32,) -> 6 | M32: 0417收益期192,337 | N32: 0510顶213,27,25,4
A33: 长期不吃早餐真的会得胆结石吗？还是危言耸听？ | B33: 回答 | C33: 45720 | D33: 11 | E33: 6 | F33: 385 | G33: 281 | H33: =E33/D33 -> 0.54545455 | I33: =G33/F33 -> 0.72987013 | J33: =F33-IFERROR(VLOOKUP($A33,'0512'!$A$1:'0512'!G$48,6,FALSE),IFERROR(VLOOKUP($C33,'0512'!$C$1:'0512'!G$48,4,FALSE),F33-D33)) -> 3 | K33: =G33-IFERROR(VLOOKUP($A33,'0512'!$A$1:'0512'!H$44,7,FALSE),IFERROR(VLOOKUP($C33,'0512'!$C$1:'0512'!H$44,5,FALSE),G33-E33)) -> 0 | L33: =IFERROR(K33/J33,) -> 0 | M33: 0406收益期290,272
A34: 文火煮鸡蛋要多久能保证蛋黄熟了？ | B34: 回答 | C34: 45474 | D34: 6 | E34: 1 | F34: 479 | G34: 37 | H34: =E34/D34 -> 0.16666667 | I34: =G34/F34 -> 0.077244259 | J34: =F34-IFERROR(VLOOKUP($A34,'0512'!$A$1:'0512'!G$48,6,FALSE),IFERROR(VLOOKUP($C34,'0512'!$C$1:'0512'!G$48,4,FALSE),F34-D34)) -> 0 | K34: =G34-IFERROR(VLOOKUP($A34,'0512'!$A$1:'0512'!H$44,7,FALSE),IFERROR(VLOOKUP($C34,'0512'!$C$1:'0512'!H$44,5,FALSE),G34-E34)) -> 0 | L34: =IFERROR(K34/J34,) -> 0 | M34: 241024收益期436,36
K35: =SUM(K2:K34) -> 889
M45: 0511荐142，46，83，5，2

Sheet 0514
A1: 内容 | B1: 内容类型 | C1: 内容发布时间 | D1: 本期阅读量 | E1: 本期收益 | F1: 累计阅读量 | G1: 累计收益 | J1: 新增浏览 | K1: 新增收益
A2: 大葱开花了还能吃吗？ | B2: 回答 | C2: 45790 | D2: 147 | E2: 204 | F2: 147 | G2: 204 | H2: =E2/D2 -> 1.3877551 | I2: =G2/F2 -> 1.3877551 | J2: =F2-IFERROR(VLOOKUP($A2,'0513'!$A$1:'0513'!G$48,6,FALSE),IFERROR(VLOOKUP($C2,'0513'!$C$1:'0513'!G$48,4,FALSE),F2-D2)) -> 147 | K2: =G2-IFERROR(VLOOKUP($A2,'0513'!$A$1:'0513'!H$44,7,FALSE),IFERROR(VLOOKUP($C2,'0513'!$C$1:'0513'!H$44,5,FALSE),G2-E2)) -> 204 | L2: =IFERROR(K2/J2,) -> 1.3877551
A3: 炒花生米是个技术活儿，稍不注意就炒糊了，怎样才能精准控制炒花生米的火候呢？ | B3: 回答 | C3: 45790 | D3: 54 | E3: 256 | F3: 54 | G3: 256 | H3: =E3/D3 -> 4.7407407 | I3: =G3/F3 -> 4.7407407 | J3: =F3-IFERROR(VLOOKUP($A3,'0513'!$A$1:'0513'!G$48,6,FALSE),IFERROR(VLOOKUP($C3,'0513'!$C$1:'0513'!G$48,4,FALSE),F3-D3)) -> 54 | K3: =G3-IFERROR(VLOOKUP($A3,'0513'!$A$1:'0513'!H$44,7,FALSE),IFERROR(VLOOKUP($C3,'0513'!$C$1:'0513'!H$44,5,FALSE),G3-E3)) -> 256 | L3: =IFERROR(K3/J3,) -> 4.7407407 | M3: 0514顶63,22,26,6
A4: 蒸馒头时，加点儿什么能让馒头更松软？ | B4: 回答 | C4: 45789 | D4: 135 | E4: 455 | F4: 135 | G4: 455 | H4: =E4/D4 -> 3.3703704 | I4: =G4/F4 -> 3.3703704 | J4: =F4-IFERROR(VLOOKUP($A4,'0513'!$A$1:'0513'!G$48,6,FALSE),IFERROR(VLOOKUP($C4,'0513'!$C$1:'0513'!G$48,4,FALSE),F4-D4)) -> 50 | K4: =G4-IFERROR(VLOOKUP($A4,'0513'!$A$1:'0513'!H$44,7,FALSE),IFERROR(VLOOKUP($C4,'0513'!$C$1:'0513'!H$44,5,FALSE),G4-E4)) -> 148 | L4: =IFERROR(K4/J4,) -> 2.96
A5: 为什么我的红糖馒头蒸出来是这样的？ | B5: 回答 | C5: 45788 | D5: 209 | E5: 662 | F5: 209 | G5: 662 | H5: =E5/D5 -> 3.1674641 | I5: =G5/F5 -> 3.1674641 | J5: =F5-IFERROR(VLOOKUP($A5,'0513'!$A$1:'0513'!G$48,6,FALSE),IFERROR(VLOOKUP($C5,'0513'!$C$1:'0513'!G$48,4,FALSE),F5-D5)) -> 78 | K5: =G5-IFERROR(VLOOKUP($A5,'0513'!$A$1:'0513'!H$44,7,FALSE),IFERROR(VLOOKUP($C5,'0513'!$C$1:'0513'!H$44,5,FALSE),G5-E5)) -> 51 | L5: =IFERROR(K5/J5,) -> 0.65384615
A6: 为什么同一种食材（如豆腐）在不同文化中的烹饪方式和地位差异如此显著？ | B6: 回答 | C6: 45787 | D6: 156 | E6: 753 | F6: 156 | G6: 753 | H6: =E6/D6 -> 4.8269231 | I6: =G6/F6 -> 4.8269231 | J6: =F6-IFERROR(VLOOKUP($A6,'0513'!$A$1:'0513'!G$48,6,FALSE),IFERROR(VLOOKUP($C6,'0513'!$C$1:'0513'!G$48,4,FALSE),F6-D6)) -> 12 | K6: =G6-IFERROR(VLOOKUP($A6,'0513'!$A$1:'0513'!H$44,7,FALSE),IFERROR(VLOOKUP($C6,'0513'!$C$1:'0513'!H$44,5,FALSE),G6-E6)) -> 12 | L6: =IFERROR(K6/J6,) -> 1
A7: 如何评价大锅卤菜？ | B7: 回答 | C7: 45786 | D7: 286 | E7: 281 | F7: 286 | G7: 281 | H7: =E7/D7 -> 0.98251748 | I7: =G7/F7 -> 0.98251748 | J7: =F7-IFERROR(VLOOKUP($A7,'0513'!$A$1:'0513'!G$48,6,FALSE),IFERROR(VLOOKUP($C7,'0513'!$C$1:'0513'!G$48,4,FALSE),F7-D7)) -> 16 | K7: =G7-IFERROR(VLOOKUP($A7,'0513'!$A$1:'0513'!H$44,7,FALSE),IFERROR(VLOOKUP($C7,'0513'!$C$1:'0513'!H$44,5,FALSE),G7-E7)) -> 0 | L7: =IFERROR(K7/J7,) -> 0 | M7: 0510荐117，18,14,5,2
A8: 这是什么蔬菜，如何烹饪？ | B8: 回答 | C8: 45786 | D8: 352 | E8: 357 | F8: 352 | G8: 357 | H8: =E8/D8 -> 1.0142045 | I8: =G8/F8 -> 1.0142045 | J8: =F8-IFERROR(VLOOKUP($A8,'0513'!$A$1:'0513'!G$48,6,FALSE),IFERROR(VLOOKUP($C8,'0513'!$C$1:'0513'!G$48,4,FALSE),F8-D8)) -> 9 | K8: =G8-IFERROR(VLOOKUP($A8,'0513'!$A$1:'0513'!H$44,7,FALSE),IFERROR(VLOOKUP($C8,'0513'!$C$1:'0513'!H$44,5,FALSE),G8-E8)) -> 0 | L8: =IFERROR(K8/J8,) -> 0
A9: 请问下是什么树，几年前家里人买的，一直放在天台，现在开始结果了? | B9: 回答 | C9: 45785 | D9: 301 | E9: 195 | F9: 301 | G9: 195 | H9: =E9/D9 -> 0.64784053 | I9: =G9/F9 -> 0.64784053 | J9: =F9-IFERROR(VLOOKUP($A9,'0513'!$A$1:'0513'!G$48,6,FALSE),IFERROR(VLOOKUP($C9,'0513'!$C$1:'0513'!G$48,4,FALSE),F9-D9)) -> 4 | K9: =G9-IFERROR(VLOOKUP($A9,'0513'!$A$1:'0513'!H$44,7,FALSE),IFERROR(VLOOKUP($C9,'0513'!$C$1:'0513'!H$44,5,FALSE),G9-E9)) -> 0 | L9: =IFERROR(K9/J9,) -> 0
A10: 大神们，这是什么鸟下的蛋？ | B10: 回答 | C10: 45784 | D10: 561 | E10: 622 | F10: 561 | G10: 622 | H10: =E10/D10 -> 1.1087344 | I10: =G10/F10 -> 1.1087344 | J10: =F10-IFERROR(VLOOKUP($A10,'0513'!$A$1:'0513'!G$48,6,FALSE),IFERROR(VLOOKUP($C10,'0513'!$C$1:'0513'!G$48,4,FALSE),F10-D10)) -> 24 | K10: =G10-IFERROR(VLOOKUP($A10,'0513'!$A$1:'0513'!H$44,7,FALSE),IFERROR(VLOOKUP($C10,'0513'!$C$1:'0513'!H$44,5,FALSE),G10-E10)) -> 0 | L10: =IFERROR(K10/J10,) -> 0
A11: 如何判断鸡蛋是否坏掉了？ | B11: 回答 | C11: 45783 | D11: 135 | E11: 102 | F11: 217 | G11: 216 | H11: =E11/D11 -> 0.75555556 | I11: =G11/F11 -> 0.99539171 | J11: =F11-IFERROR(VLOOKUP($A11,'0513'!$A$1:'0513'!G$48,6,FALSE),IFERROR(VLOOKUP($C11,'0513'!$C$1:'0513'!G$48,4,FALSE),F11-D11)) -> 12 | K11: =G11-IFERROR(VLOOKUP($A11,'0513'!$A$1:'0513'!H$44,7,FALSE),IFERROR(VLOOKUP($C11,'0513'!$C$1:'0513'!H$44,5,FALSE),G11-E11)) -> 0 | L11: =IFERROR(K11/J11,) -> 0
A12: 现在还有马嘛？村子卖得马肉不会是骡子肉吧❓️❓️❓️? | B12: 回答 | C12: 45783 | D12: 56 | E12: 64 | F12: 145 | G12: 209 | H12: =E12/D12 -> 1.1428571 | I12: =G12/F12 -> 1.4413793 | J12: =F12-IFERROR(VLOOKUP($A12,'0513'!$A$1:'0513'!G$48,6,FALSE),IFERROR(VLOOKUP($C12,'0513'!$C$1:'0513'!G$48,4,FALSE),F12-D12)) -> 0 | K12: =G12-IFERROR(VLOOKUP($A12,'0513'!$A$1:'0513'!H$44,7,FALSE),IFERROR(VLOOKUP($C12,'0513'!$C$1:'0513'!H$44,5,FALSE),G12-E12)) -> 0 | L12: =IFERROR(K12/J12,) -> 0
A13: 为什么草莓不容易活？ | B13: 回答 | C13: 45782 | D13: 160 | E13: 37 | F13: 357 | G13: 220 | H13: =E13/D13 -> 0.23125 | I13: =G13/F13 -> 0.6162465 | J13: =F13-IFERROR(VLOOKUP($A13,'0513'!$A$1:'0513'!G$48,6,FALSE),IFERROR(VLOOKUP($C13,'0513'!$C$1:'0513'!G$48,4,FALSE),F13-D13)) -> 8 | K13: =G13-IFERROR(VLOOKUP($A13,'0513'!$A$1:'0513'!H$44,7,FALSE),IFERROR(VLOOKUP($C13,'0513'!$C$1:'0513'!H$44,5,FALSE),G13-E13)) -> 4 | L13: =IFERROR(K13/J13,) -> 0.5
A14: 有人见过路边这种果实么？ | B14: 回答 | C14: 45781 | D14: 148 | E14: 113 | F14: 317 | G14: 659 | H14: =E14/D14 -> 0.76351351 | I14: =G14/F14 -> 2.0788644 | J14: =F14-IFERROR(VLOOKUP($A14,'0513'!$A$1:'0513'!G$48,6,FALSE),IFERROR(VLOOKUP($C14,'0513'!$C$1:'0513'!G$48,4,FALSE),F14-D14)) -> 7 | K14: =G14-IFERROR(VLOOKUP($A14,'0513'!$A$1:'0513'!H$44,7,FALSE),IFERROR(VLOOKUP($C14,'0513'!$C$1:'0513'!H$44,5,FALSE),G14-E14)) -> 0 | L14: =IFERROR(K14/J14,) -> 0
A15: 明明白面是由小麦制成的，为什么很多老人80年代后才吃得起白面馒头？ | B15: 回答 | C15: 45780 | D15: 163 | E15: 24 | F15: 1255 | G15: 537 | H15: =E15/D15 -> 0.14723926 | I15: =G15/F15 -> 0.42788845 | J15: =F15-IFERROR(VLOOKUP($A15,'0513'!$A$1:'0513'!G$48,6,FALSE),IFERROR(VLOOKUP($C15,'0513'!$C$1:'0513'!G$48,4,FALSE),F15-D15)) -> 25 | K15: =G15-IFERROR(VLOOKUP($A15,'0513'!$A$1:'0513'!H$44,7,FALSE),IFERROR(VLOOKUP($C15,'0513'!$C$1:'0513'!H$44,5,FALSE),G15-E15)) -> 0 | L15: =IFERROR(K15/J15,) -> 0
A16: 自己种的都忘了，请问这个是什么果树? | B16: 回答 | C16: 45779 | D16: 41 | E16: 20 | F16: 207 | G16: 159 | H16: =E16/D16 -> 0.48780488 | I16: =G16/F16 -> 0.76811594 | J16: =F16-IFERROR(VLOOKUP($A16,'0513'!$A$1:'0513'!G$48,6,FALSE),IFERROR(VLOOKUP($C16,'0513'!$C$1:'0513'!G$48,4,FALSE),F16-D16)) -> 5 | K16: =G16-IFERROR(VLOOKUP($A16,'0513'!$A$1:'0513'!H$44,7,FALSE),IFERROR(VLOOKUP($C16,'0513'!$C$1:'0513'!H$44,5,FALSE),G16-E16)) -> 0 | L16: =IFERROR(K16/J16,) -> 0
A17: 前几天养了四只小鸡，一只死了。还剩三只鸡，其中的一只鸡又被其它两只小鸡把屁眼那块啄的血琳琳，啥原因？ | B17: 回答 | C17: 45778 | D17: 27 | E17: 14 | F17: 395 | G17: 168 | H17: =E17/D17 -> 0.51851852 | I17: =G17/F17 -> 0.42531646 | J17: =F17-IFERROR(VLOOKUP($A17,'0513'!$A$1:'0513'!G$48,6,FALSE),IFERROR(VLOOKUP($C17,'0513'!$C$1:'0513'!G$48,4,FALSE),F17-D17)) -> 4 | K17: =G17-IFERROR(VLOOKUP($A17,'0513'!$A$1:'0513'!H$44,7,FALSE),IFERROR(VLOOKUP($C17,'0513'!$C$1:'0513'!H$44,5,FALSE),G17-E17)) -> 0 | L17: =IFERROR(K17/J17,) -> 0
