Workbook

Sheet 0701
A1: 内容 | B1: 内容类型 | C1: 内容发布时间 | D1: 本期阅读/观看量 | E1: 本期收益 | F1: 累计阅读/观看量 | G1: 累计收益 | J1: 新增浏览 | K1: 新增收益 | M1: L0524
A2: 月球和火星什么时候能具备哥伦布发现新大陆的价值？ | B2: 回答 | C2: 46203 | D2: 25 | E2: 470 | F2: 25 | G2: 470 | H2: =E2/D2 -> 18.8 | I2: =G2/F2 -> 18.8 | J2: 25 | K2: 470 | L2: =IFERROR(K2/J2,) -> 18.8
A3: 只要了解了人造卫星、飞机、流星、彗星，知道它们是什么，我们看到时就很容易区分出来。飞机拍出... | B3: 想法 | C3: 46203 | D3: 382 | E3: 93 | F3: 382 | G3: 93 | H3: =E3/D3 -> 0.2434555 | I3: =G3/F3 -> 0.2434555 | J3: 382 | K3: 93 | L3: =IFERROR(K3/J3,) -> 0.2434555
A4: 如何肉眼区分人造卫星、飞机、流星、彗星? | B4: 回答 | C4: 46202 | D4: 78 | E4: 814 | F4: 78 | G4: 814 | H4: =E4/D4 -> 10.435897 | I4: =G4/F4 -> 10.435897 | J4: 36 | K4: 306 | L4: =IFERROR(K4/J4,) -> 8.5
A5: 早餐必须吃饱吃好，补充一天所需营养，然后一天活力满满，精力旺盛。营养均衡的早餐，关键在于合... | B5: 想法 | C5: 46202 | D5: 395 | E5: 183 | F5: 395 | G5: 183 | H5: =E5/D5 -> 0.46329114 | I5: =G5/F5 -> 0.46329114 | J5: 138 | K5: 82 | L5: =IFERROR(K5/J5,) -> 0.5942029
A6: 花椒靠种子繁育，种子需脱脂脱蜡处理才能发芽。春天地温上来，种子吸饱水分，种壳裂开，主根往下... | B6: 想法 | C6: 46201 | D6: 364 | E6: 310 | F6: 364 | G6: 310 | H6: =E6/D6 -> 0.85164835 | I6: =G6/F6 -> 0.85164835 | J6: 78 | K6: 37 | L6: =IFERROR(K6/J6,) -> 0.47435897
A7: 为什么同样白天，地球上是一片明亮，而外太空却是添黑一片？ | B7: 回答 | C7: 46201 | D7: 256 | E7: 967 | F7: 256 | G7: 967 | H7: =E7/D7 -> 3.7773438 | I7: =G7/F7 -> 3.7773438 | J7: 82 | K7: 172 | L7: =IFERROR(K7/J7,) -> 2.097561
A8: 古星图上的星宿分野和十二州国，是按星座来规划地上的城市吗？ | B8: 回答 | C8: 46200 | D8: 91 | E8: 353 | F8: 91 | G8: 353 | H8: =E8/D8 -> 3.8791209 | I8: =G8/F8 -> 3.8791209 | J8: 21 | K8: 63 | L8: =IFERROR(K8/J8,) -> 3
A9: 你是用什么态度来对待一日之早餐的呢？ | B9: 回答 | C9: 46199 | D9: 115 | E9: 430 | F9: 115 | G9: 430 | H9: =E9/D9 -> 3.7391304 | I9: =G9/F9 -> 3.7391304 | J9: 6 | K9: 19 | L9: =IFERROR(K9/J9,) -> 3.1666667
A10: 中微子就是难以捕捉，中微子探测器建在深海的目的就是屏蔽环境的影响。中微子不带电、质量极微小... | B10: 想法 | C10: 46199 | D10: 575 | E10: 198 | F10: 575 | G10: 198 | H10: =E10/D10 -> 0.34434783 | I10: =G10/F10 -> 0.34434783 | J10: 15 | K10: 0 | L10: =IFERROR(K10/J10,) -> 0
A11: 你知道花椒是怎么生长的吗？ | B11: 回答 | C11: 46198 | D11: 166 | E11: 1273 | F11: 166 | G11: 1273 | H11: =E11/D11 -> 7.6686747 | I11: =G11/F11 -> 7.6686747 | J11: 8 | K11: 76 | L11: =IFERROR(K11/J11,) -> 9.5
A12: 未来食品企业的发展方向是哪些？ | B12: 回答 | C12: 46197 | D12: 113 | E12: 574 | F12: 113 | G12: 574 | H12: =E12/D12 -> 5.079646 | I12: =G12/F12 -> 5.079646 | J12: 13 | K12: 83 | L12: =IFERROR(K12/J12,) -> 6.3846154 | M12: 0628顶77,42,21,7，3
A13: 有大气层的星球才有风，月球几乎没有大气层，所以肯定没有风。金星和火星都有自己的大气层，都会... | B13: 想法 | C13: 46196 | D13: 381 | E13: 73 | F13: 901 | G13: 271 | H13: =E13/D13 -> 0.19160105 | I13: =G13/F13 -> 0.30077691 | J13: 14 | K13: 0 | L13: =IFERROR(K13/J13,) -> 0
A14: 风雨雷电是自然法则，在月球金星火星上面也有吗？ | B14: 回答 | C14: 46196 | D14: 98 | E14: 267 | F14: 171 | G14: 1158 | H14: =E14/D14 -> 2.7244898 | I14: =G14/F14 -> 6.7719298 | J14: 7 | K14: 38 | L14: =IFERROR(K14/J14,) -> 5.4285714
A15: 在农村要怎么养狗比较好啊，是吃狗粮呢，还是吃人吃的饭呢，那些便宜的狗粮能吃吗？ | B15: 回答 | C15: 46195 | D15: 49 | E15: 221 | F15: 127 | G15: 577 | H15: =E15/D15 -> 4.5102041 | I15: =G15/F15 -> 4.5433071 | J15: 20 | K15: 130 | L15: =IFERROR(K15/J15,) -> 6.5 | M15: 0629顶96,41,13,15,1
A16: 库仑扭秤个卡文迪许扭秤有什么区别吗？ | B16: 回答 | C16: 46194 | D16: 57 | E16: 267 | F16: 150 | G16: 1024 | H16: =E16/D16 -> 4.6842105 | I16: =G16/F16 -> 6.8266667 | J16: 2 | K16: 0 | L16: =IFERROR(K16/J16,) -> 0 | M16: 0626顶129,31,5,6,2 | N16: 0629撤145,40,9,6,3
A17: 牛磺酸在食品添加剂中占有很重要的地位。那牛磺酸在人和动物体内，到底起什么作用？ #食品添加... | B17: 视频 | C17: 46193 | D17: 20 | E17: 10 | F17: 141 | G17: 114 | H17: =E17/D17 -> 0.5 | I17: =G17/F17 -> 0.80851064 | J17: 0 | K17: 0 | L17: =IFERROR(K17/J17,) -> 0
A18: 我国南海「海铃」中微子望远镜为何建于水下 3500 米？其科学目标有哪些？ | B18: 回答 | C18: 46193 | D18: 60 | E18: 477 | F18: 149 | G18: 1617 | H18: =E18/D18 -> 7.95 | I18: =G18/F18 -> 10.852349 | J18: 3 | K18: 38 | L18: =IFERROR(K18/J18,) -> 12.666667 | M18: 0625顶98,39,9，8,6 | N18: 0628撤137,51,10,11,8
A19: 如果宇宙中所有的恒星都像R136A1一样亮（太阳除外），那夜晚的天空会有多亮？ | B19: 回答 | C19: 46192 | D19: 442 | E19: 152 | F19: 1978 | G19: 1204 | H19: =E19/D19 -> 0.3438914 | I19: =G19/F19 -> 0.60869565 | J19: 38 | K19: 38 | L19: =IFERROR(K19/J19,) -> 1
A20: 狗狗通常在什么时间点进食？ | B20: 回答 | C20: 46191 | D20: 125 | E20: 53 | F20: 367 | G20: 218 | H20: =E20/D20 -> 0.424 | I20: =G20/F20 -> 0.59400545 | J20: 15 | K20: 0 | L20: =IFERROR(K20/J20,) -> 0
A21: 老父亲说表姐家同时供养三个大学生背负沉重经济负担根本不值得，请大家说说到底是不是呢？？ | B21: 回答 | C21: 46190 | D21: 45 | E21: 2 | F21: 691 | G21: 6 | H21: =E21/D21 -> 0.044444444 | I21: =G21/F21 -> 0.008683068 | J21: 4 | K21: 0 | L21: =IFERROR(K21/J21,) -> 0
A22: 可以分享一下你眼中夏天的天空吗？ | B22: 回答 | C22: 46189 | D22: 23 | E22: 325 | F22: 144 | G22: 922 | H22: =E22/D22 -> 14.130435 | I22: =G22/F22 -> 6.4027778 | J22: 2 | K22: 0 | L22: =IFERROR(K22/J22,) -> 0 | M22: 0623顶105,35,6,9,2 | N22: 0626撤133,51,15,12,3 | O22: 0701荐144,52,15,13,3
A23: 古代没有大棚蔬菜，古人一年四季到底吃什么青菜？ | B23: 回答 | C23: 46187 | D23: 252 | E23: 88 | F23: 11003 | G23: 784 | H23: =E23/D23 -> 0.34920635 | I23: =G23/F23 -> 0.071253295 | J23: 37 | K23: 51 | L23: =IFERROR(K23/J23,) -> 1.3783784
A24: 可以分享一张你记录过的星空吗？ | B24: 回答 | C24: 46183 | D24: 7 | E24: 38 | F24: 209 | G24: 1000 | H24: =E24/D24 -> 5.4285714 | I24: =G24/F24 -> 4.784689 | J24: 0 | K24: 0 | L24: =IFERROR(K24/J24,) -> 0 | M24: 0617顶140,36,14,5,10 | N24: 0625撤203,57,31,9,11
A25: 鸡蛋里面该不该添加角黄素？ | B25: 回答 | C25: 46182 | D25: 2 | E25: 15 | F25: 121 | G25: 277 | H25: =E25/D25 -> 7.5 | I25: =G25/F25 -> 2.2892562 | J25: 2 | K25: 15 | L25: =IFERROR(K25/J25,) -> 7.5
A26: 夏季夜空中最亮的星是什么星？ | B26: 回答 | C26: 46177 | D26: 28 | E26: 38 | F26: 340 | G26: 665 | H26: =E26/D26 -> 1.3571429 | I26: =G26/F26 -> 1.9558824 | J26: 2 | K26: 0 | L26: =IFERROR(K26/J26,) -> 0
A27: 月亮的上弦月和下弦月是如何区分的？ | B27: 回答 | C27: 46173 | D27: 22 | E27: 19 | F27: 373 | G27: 481 | H27: =E27/D27 -> 0.86363636 | I27: =G27/F27 -> 1.2895442 | J27: 3 | K27: 0 | L27: =IFERROR(K27/J27,) -> 0
A28: 如何养护香椿树芽，使其顺利长成大树？ | B28: 回答 | C28: 46172 | D28: 3 | E28: 7 | F28: 184 | G28: 144 | H28: =E28/D28 -> 2.3333333 | I28: =G28/F28 -> 0.7826087 | J28: 0 | K28: 0 | L28: =IFERROR(K28/J28,) -> 0
A29: 幼犬不吃狗粮了怎么办？ | B29: 回答 | C29: 46168 | D29: 3 | E29: 24 | F29: 127 | G29: 191 | H29: =E29/D29 -> 8 | I29: =G29/F29 -> 1.503937 | J29: 0 | K29: 0 | L29: =IFERROR(K29/J29,) -> 0
A30: 你有没有在阳台种过无花果，收获果实了吗？ | B30: 回答 | C30: 46164 | D30: 35 | E30: 12 | F30: 581 | G30: 240 | H30: =E30/D30 -> 0.34285714 | I30: =G30/F30 -> 0.4130809 | J30: 3 | K30: 6 | L30: =IFERROR(K30/J30,) -> 2
A31: 鸡蛋羹的水用凉白开还是矿泉水？ | B31: 回答 | C31: 46156 | D31: 8 | E31: 5 | F31: 437 | G31: 213 | H31: =E31/D31 -> 0.625 | I31: =G31/F31 -> 0.48741419 | J31: 0 | K31: 0 | L31: =IFERROR(K31/J31,) -> 0
A32: 在光合作用中，为什么植物以 CO₂ 为原料，而不是其他气体？ | B32: 回答 | C32: 46142 | D32: 9 | E32: 30 | F32: 3158 | G32: 1782 | H32: =E32/D32 -> 3.3333333 | I32: =G32/F32 -> 0.56428119 | J32: 0 | K32: 0 | L32: =IFERROR(K32/J32,) -> 0
A33: 养狗狗的朋友们，狗狗不爱吃饭怎么办？ | B33: 回答 | C33: 46129 | D33: 11 | E33: 12 | F33: 398 | G33: 129 | H33: =E33/D33 -> 1.0909091 | I33: =G33/F33 -> 0.3241206 | J33: 0 | K33: 0 | L33: =IFERROR(K33/J33,) -> 0
A34: 如果月亮真的在远离地球，那么没有月亮的地球会不会没有黑夜？ | B34: 回答 | C34: 46063 | D34: 0 | E34: 9 | F34: 247 | G34: 523 | H34: =E34/D34 -> #DIV/0! | I34: =G34/F34 -> 2.1174089 | J34: 0 | K34: 9 | L34: =IFERROR(K34/J34,) -> 0
A35: 请问这颗特别亮的是什么星星？ | B35: 回答 | C35: 46044 | D35: 11 | E35: 9 | F35: 900 | G35: 1062 | H35: =E35/D35 -> 0.81818182 | I35: =G35/F35 -> 1.18 | J35: 0 | K35: 0 | L35: =IFERROR(K35/J35,) -> 0
A36: 黑洞中心是一个没有体积的点吗？如果是的话那原本的物质去哪里了？ | B36: 回答 | C36: 46031 | D36: 430 | E36: 65 | F36: 3019 | G36: 1465 | H36: =E36/D36 -> 0.15116279 | I36: =G36/F36 -> 0.48526002 | J36: 15 | K36: 0 | L36: =IFERROR(K36/J36,) -> 0
... A51: 大家在家里都是怎么调芝麻酱的? | B51: 回答 | C51: 45847 | D51: 12 | E51: 2 | F51: 446 | G51: 248 | H51: =E51/D51 -> 0.16666667 | I51: =G51/F51 -> 0.55605381 | J51: 0 | K51: 0 | L51: =IFERROR(K51/J51,) -> 0
K52: =SUM(K2:K51) -> 1730

Sheet 0702
A1: 内容 | B1: 内容类型 | C1: 内容发布时间 | D1: 本期阅读/观看量 | E1: 本期收益 | F1: 累计阅读/观看量 | G1: 累计收益 | J1: 新增浏览 | K1: 新增收益 | M1: L0524
A2: 拍摄太阳必须加滤光膜，否则会毁镜头。这就像你直接用眼睛看太阳会被刺伤。戴上墨镜再看，太阳就... | B2: 想法 | C2: 46204 | D2: 346 | E2: 183 | F2: 346 | G2: 183 | H2: =E2/D2 -> 0.52890173 | I2: =G2/F2 -> 0.52890173 | J2: =F2-IFERROR(VLOOKUP($A2,'0701'!$A$1:'0701'!G$79,6,FALSE),IFERROR(VLOOKUP($C2,'0701'!$C$1:'0701'!G$79,4,FALSE),F2-D2)) -> 346 | K2: =G2-IFERROR(VLOOKUP($A2,'0701'!$A$1:'0701'!H$79,7,FALSE),IFERROR(VLOOKUP($C2,'0701'!$C$1:'0701'!H$79,5,FALSE),G2-E2)) -> 183 | L2: =IFERROR(K2/J2,) -> 0.52890173
A3: 为啥手机拍的太阳，会变成黑夜中一颗明星? | B3: 回答 | C3: 46204 | D3: 58 | E3: 218 | F3: 58 | G3: 218 | H3: =E3/D3 -> 3.7586207 | I3: =G3/F3 -> 3.7586207 | J3: =F3-IFERROR(VLOOKUP($A3,'0701'!$A$1:'0701'!G$79,6,FALSE),IFERROR(VLOOKUP($C3,'0701'!$C$1:'0701'!G$79,4,FALSE),F3-D3)) -> 58 | K3: =G3-IFERROR(VLOOKUP($A3,'0701'!$A$1:'0701'!H$79,7,FALSE),IFERROR(VLOOKUP($C3,'0701'!$C$1:'0701'!H$79,5,FALSE),G3-E3)) -> 218 | L3: =IFERROR(K3/J3,) -> 3.7586207
A4: 月球和火星什么时候能具备哥伦布发现新大陆的价值？ | B4: 回答 | C4: 46203 | D4: 67 | E4: 604 | F4: 67 | G4: 604 | H4: =E4/D4 -> 9.0149254 | I4: =G4/F4 -> 9.0149254 | J4: =F4-IFERROR(VLOOKUP($A4,'0701'!$A$1:'0701'!G$79,6,FALSE),IFERROR(VLOOKUP($C4,'0701'!$C$1:'0701'!G$79,4,FALSE),F4-D4)) -> 42 | K4: =G4-IFERROR(VLOOKUP($A4,'0701'!$A$1:'0701'!H$79,7,FALSE),IFERROR(VLOOKUP($C4,'0701'!$C$1:'0701'!H$79,5,FALSE),G4-E4)) -> 134 | L4: =IFERROR(K4/J4,) -> 3.1904762
A5: 只要了解了人造卫星、飞机、流星、彗星，知道它们是什么，我们看到时就很容易区分出来。飞机拍出... | B5: 想法 | C5: 46203 | D5: 603 | E5: 107 | F5: 603 | G5: 107 | H5: =E5/D5 -> 0.1774461 | I5: =G5/F5 -> 0.1774461 | J5: =F5-IFERROR(VLOOKUP($A5,'0701'!$A$1:'0701'!G$79,6,FALSE),IFERROR(VLOOKUP($C5,'0701'!$C$1:'0701'!G$79,4,FALSE),F5-D5)) -> 221 | K5: =G5-IFERROR(VLOOKUP($A5,'0701'!$A$1:'0701'!H$79,7,FALSE),IFERROR(VLOOKUP($C5,'0701'!$C$1:'0701'!H$79,5,FALSE),G5-E5)) -> 14 | L5: =IFERROR(K5/J5,) -> 0.063348416
A6: 如何肉眼区分人造卫星、飞机、流星、彗星? | B6: 回答 | C6: 46202 | D6: 89 | E6: 833 | F6: 89 | G6: 833 | H6: =E6/D6 -> 9.3595506 | I6: =G6/F6 -> 9.3595506 | J6: =F6-IFERROR(VLOOKUP($A6,'0701'!$A$1:'0701'!G$79,6,FALSE),IFERROR(VLOOKUP($C6,'0701'!$C$1:'0701'!G$79,4,FALSE),F6-D6)) -> 11 | K6: =G6-IFERROR(VLOOKUP($A6,'0701'!$A$1:'0701'!H$79,7,FALSE),IFERROR(VLOOKUP($C6,'0701'!$C$1:'0701'!H$79,5,FALSE),G6-E6)) -> 19 | L6: =IFERROR(K6/J6,) -> 1.7272727
A7: 早餐必须吃饱吃好，补充一天所需营养，然后一天活力满满，精力旺盛。营养均衡的早餐，关键在于合... | B7: 想法 | C7: 46202 | D7: 451 | E7: 205 | F7: 451 | G7: 205 | H7: =E7/D7 -> 0.45454545 | I7: =G7/F7 -> 0.45454545 | J7: =F7-IFERROR(VLOOKUP($A7,'0701'!$A$1:'0701'!G$79,6,FALSE),IFERROR(VLOOKUP($C7,'0701'!$C$1:'0701'!G$79,4,FALSE),F7-D7)) -> 56 | K7: =G7-IFERROR(VLOOKUP($A7,'0701'!$A$1:'0701'!H$79,7,FALSE),IFERROR(VLOOKUP($C7,'0701'!$C$1:'0701'!H$79,5,FALSE),G7-E7)) -> 22 | L7: =IFERROR(K7/J7,) -> 0.39285714
A8: 花椒靠种子繁育，种子需脱脂脱蜡处理才能发芽。春天地温上来，种子吸饱水分，种壳裂开，主根往下... | B8: 想法 | C8: 46201 | D8: 404 | E8: 310 | F8: 404 | G8: 310 | H8: =E8/D8 -> 0.76732673 | I8: =G8/F8 -> 0.76732673 | J8: =F8-IFERROR(VLOOKUP($A8,'0701'!$A$1:'0701'!G$79,6,FALSE),IFERROR(VLOOKUP($C8,'0701'!$C$1:'0701'!G$79,4,FALSE),F8-D8)) -> 40 | K8: =G8-IFERROR(VLOOKUP($A8,'0701'!$A$1:'0701'!H$79,7,FALSE),IFERROR(VLOOKUP($C8,'0701'!$C$1:'0701'!H$79,5,FALSE),G8-E8)) -> 0 | L8: =IFERROR(K8/J8,) -> 0
A9: 为什么同样白天，地球上是一片明亮，而外太空却是添黑一片？ | B9: 回答 | C9: 46201 | D9: 286 | E9: 967 | F9: 286 | G9: 967 | H9: =E9/D9 -> 3.3811189 | I9: =G9/F9 -> 3.3811189 | J9: =F9-IFERROR(VLOOKUP($A9,'0701'!$A$1:'0701'!G$79,6,FALSE),IFERROR(VLOOKUP($C9,'0701'!$C$1:'0701'!G$79,4,FALSE),F9-D9)) -> 30 | K9: =G9-IFERROR(VLOOKUP($A9,'0701'!$A$1:'0701'!H$79,7,FALSE),IFERROR(VLOOKUP($C9,'0701'!$C$1:'0701'!H$79,5,FALSE),G9-E9)) -> 0 | L9: =IFERROR(K9/J9,) -> 0
A10: 古星图上的星宿分野和十二州国，是按星座来规划地上的城市吗？ | B10: 回答 | C10: 46200 | D10: 112 | E10: 365 | F10: 112 | G10: 365 | H10: =E10/D10 -> 3.2589286 | I10: =G10/F10 -> 3.2589286 | J10: =F10-IFERROR(VLOOKUP($A10,'0701'!$A$1:'0701'!G$79,6,FALSE),IFERROR(VLOOKUP($C10,'0701'!$C$1:'0701'!G$79,4,FALSE),F10-D10)) -> 21 | K10: =G10-IFERROR(VLOOKUP($A10,'0701'!$A$1:'0701'!H$79,7,FALSE),IFERROR(VLOOKUP($C10,'0701'!$C$1:'0701'!H$79,5,FALSE),G10-E10)) -> 12 | L10: =IFERROR(K10/J10,) -> 0.57142857
A11: 你是用什么态度来对待一日之早餐的呢？ | B11: 回答 | C11: 46199 | D11: 115 | E11: 430 | F11: 115 | G11: 430 | H11: =E11/D11 -> 3.7391304 | I11: =G11/F11 -> 3.7391304 | J11: =F11-IFERROR(VLOOKUP($A11,'0701'!$A$1:'0701'!G$79,6,FALSE),IFERROR(VLOOKUP($C11,'0701'!$C$1:'0701'!G$79,4,FALSE),F11-D11)) -> 0 | K11: =G11-IFERROR(VLOOKUP($A11,'0701'!$A$1:'0701'!H$79,7,FALSE),IFERROR(VLOOKUP($C11,'0701'!$C$1:'0701'!H$79,5,FALSE),G11-E11)) -> 0 | L11: =IFERROR(K11/J11,) -> 0
A12: 中微子就是难以捕捉，中微子探测器建在深海的目的就是屏蔽环境的影响。中微子不带电、质量极微小... | B12: 想法 | C12: 46199 | D12: 583 | E12: 198 | F12: 583 | G12: 198 | H12: =E12/D12 -> 0.33962264 | I12: =G12/F12 -> 0.33962264 | J12: =F12-IFERROR(VLOOKUP($A12,'0701'!$A$1:'0701'!G$79,6,FALSE),IFERROR(VLOOKUP($C12,'0701'!$C$1:'0701'!G$79,4,FALSE),F12-D12)) -> 8 | K12: =G12-IFERROR(VLOOKUP($A12,'0701'!$A$1:'0701'!H$79,7,FALSE),IFERROR(VLOOKUP($C12,'0701'!$C$1:'0701'!H$79,5,FALSE),G12-E12)) -> 0 | L12: =IFERROR(K12/J12,) -> 0
A13: 你知道花椒是怎么生长的吗？ | B13: 回答 | C13: 46198 | D13: 180 | E13: 1368 | F13: 180 | G13: 1368 | H13: =E13/D13 -> 7.6 | I13: =G13/F13 -> 7.6 | J13: =F13-IFERROR(VLOOKUP($A13,'0701'!$A$1:'0701'!G$79,6,FALSE),IFERROR(VLOOKUP($C13,'0701'!$C$1:'0701'!G$79,4,FALSE),F13-D13)) -> 14 | K13: =G13-IFERROR(VLOOKUP($A13,'0701'!$A$1:'0701'!H$79,7,FALSE),IFERROR(VLOOKUP($C13,'0701'!$C$1:'0701'!H$79,5,FALSE),G13-E13)) -> 95 | L13: =IFERROR(K13/J13,) -> 6.7857143
A14: 未来食品企业的发展方向是哪些？ | B14: 回答 | C14: 46197 | D14: 79 | E14: 379 | F14: 120 | G14: 644 | H14: =E14/D14 -> 4.7974684 | I14: =G14/F14 -> 5.3666667 | J14: =F14-IFERROR(VLOOKUP($A14,'0701'!$A$1:'0701'!G$79,6,FALSE),IFERROR(VLOOKUP($C14,'0701'!$C$1:'0701'!G$79,4,FALSE),F14-D14)) -> 7 | K14: =G14-IFERROR(VLOOKUP($A14,'0701'!$A$1:'0701'!H$79,7,FALSE),IFERROR(VLOOKUP($C14,'0701'!$C$1:'0701'!H$79,5,FALSE),G14-E14)) -> 70 | L14: =IFERROR(K14/J14,) -> 10 | M14: 0628顶77,42,21,7，3 | N14: 0702撤120,53,32,13,5
A15: 有大气层的星球才有风，月球几乎没有大气层，所以肯定没有风。金星和火星都有自己的大气层，都会... | B15: 想法 | C15: 46196 | D15: 186 | E15: 30 | F15: 913 | G15: 281 | H15: =E15/D15 -> 0.16129032 | I15: =G15/F15 -> 0.30777656 | J15: =F15-IFERROR(VLOOKUP($A15,'0701'!$A$1:'0701'!G$79,6,FALSE),IFERROR(VLOOKUP($C15,'0701'!$C$1:'0701'!G$79,4,FALSE),F15-D15)) -> 12 | K15: =G15-IFERROR(VLOOKUP($A15,'0701'!$A$1:'0701'!H$79,7,FALSE),IFERROR(VLOOKUP($C15,'0701'!$C$1:'0701'!H$79,5,FALSE),G15-E15)) -> 10 | L15: =IFERROR(K15/J15,) -> 0.83333333
A16: 风雨雷电是自然法则，在月球金星火星上面也有吗？ | B16: 回答 | C16: 46196 | D16: 62 | E16: 191 | F16: 175 | G16: 1158 | H16: =E16/D16 -> 3.0806452 | I16: =G16/F16 -> 6.6171429 | J16: =F16-IFERROR(VLOOKUP($A16,'0701'!$A$1:'0701'!G$79,6,FALSE),IFERROR(VLOOKUP($C16,'0701'!$C$1:'0701'!G$79,4,FALSE),F16-D16)) -> 4 | K16: =G16-IFERROR(VLOOKUP($A16,'0701'!$A$1:'0701'!H$79,7,FALSE),IFERROR(VLOOKUP($C16,'0701'!$C$1:'0701'!H$79,5,FALSE),G16-E16)) -> 0 | L16: =IFERROR(K16/J16,) -> 0 | M16: 0702顶175,35,15,7,3
A17: 在农村要怎么养狗比较好啊，是吃狗粮呢，还是吃人吃的饭呢，那些便宜的狗粮能吃吗？ | B17: 回答 | C17: 46195 | D17: 59 | E17: 336 | F17: 144 | G17: 707 | H17: =E17/D17 -> 5.6949153 | I17: =G17/F17 -> 4.9097222 | J17: =F17-IFERROR(VLOOKUP($A17,'0701'!$A$1:'0701'!G$79,6,FALSE),IFERROR(VLOOKUP($C17,'0701'!$C$1:'0701'!G$79,4,FALSE),F17-D17)) -> 17 | K17: =G17-IFERROR(VLOOKUP($A17,'0701'!$A$1:'0701'!H$79,7,FALSE),IFERROR(VLOOKUP($C17,'0701'!$C$1:'0701'!H$79,5,FALSE),G17-E17)) -> 130 | L17: =IFERROR(K17/J17,) -> 7.6470588 | M17: 0629顶96,41,13,15,1
A18: 库仑扭秤个卡文迪许扭秤有什么区别吗？ | B18: 回答 | C18: 46194 | D18: 29 | E18: 267 | F18: 151 | G18: 1024 | H18: =E18/D18 -> 9.2068966 | I18: =G18/F18 -> 6.781457 | J18: =F18-IFERROR(VLOOKUP($A18,'0701'!$A$1:'0701'!G$79,6,FALSE),IFERROR(VLOOKUP($C18,'0701'!$C$1:'0701'!G$79,4,FALSE),F18-D18)) -> 1 | K18: =G18-IFERROR(VLOOKUP($A18,'0701'!$A$1:'0701'!H$79,7,FALSE),IFERROR(VLOOKUP($C18,'0701'!$C$1:'0701'!H$79,5,FALSE),G18-E18)) -> 0 | L18: =IFERROR(K18/J18,) -> 0 | M18: 0626顶129,31,5,6,2 | N18: 0629撤145,40,9,6,3
A19: 牛磺酸在食品添加剂中占有很重要的地位。那牛磺酸在人和动物体内，到底起什么作用？ #食品添加... | B19: 视频 | C19: 46193 | D19: 19 | E19: 10 | F19: 143 | G19: 114 | H19: =E19/D19 -> 0.52631579 | I19: =G19/F19 -> 0.7972028 | J19: =F19-IFERROR(VLOOKUP($A19,'0701'!$A$1:'0701'!G$79,6,FALSE),IFERROR(VLOOKUP($C19,'0701'!$C$1:'0701'!G$79,4,FALSE),F19-D19)) -> 2 | K19: =G19-IFERROR(VLOOKUP($A19,'0701'!$A$1:'0701'!H$79,7,FALSE),IFERROR(VLOOKUP($C19,'0701'!$C$1:'0701'!H$79,5,FALSE),G19-E19)) -> 0 | L19: =IFERROR(K19/J19,) -> 0
A20: 我国南海「海铃」中微子望远镜为何建于水下 3500 米？其科学目标有哪些？ | B20: 回答 | C20: 46193 | D20: 54 | E20: 458 | F20: 149 | G20: 1617 | H20: =E20/D20 -> 8.4814815 | I20: =G20/F20 -> 10.852349 | J20: =F20-IFERROR(VLOOKUP($A20,'0701'!$A$1:'0701'!G$79,6,FALSE),IFERROR(VLOOKUP($C20,'0701'!$C$1:'0701'!G$79,4,FALSE),F20-D20)) -> 0 | K20: =G20-IFERROR(VLOOKUP($A20,'0701'!$A$1:'0701'!H$79,7,FALSE),IFERROR(VLOOKUP($C20,'0701'!$C$1:'0701'!H$79,5,FALSE),G20-E20)) -> 0 | L20: =IFERROR(K20/J20,) -> 0 | M20: 0625顶98,39,9，8,6 | N20: 0628撤137,51,10,11,8
A21: 如果宇宙中所有的恒星都像R136A1一样亮（太阳除外），那夜晚的天空会有多亮？ | B21: 回答 | C21: 46192 | D21: 326 | E21: 114 | F21: 1993 | G21: 1204 | H21: =E21/D21 -> 0.34969325 | I21: =G21/F21 -> 0.6041144 | J21: =F21-IFERROR(VLOOKUP($A21,'0701'!$A$1:'0701'!G$79,6,FALSE),IFERROR(VLOOKUP($C21,'0701'!$C$1:'0701'!G$79,4,FALSE),F21-D21)) -> 15 | K21: =G21-IFERROR(VLOOKUP($A21,'0701'!$A$1:'0701'!H$79,7,FALSE),IFERROR(VLOOKUP($C21,'0701'!$C$1:'0701'!H$79,5,FALSE),G21-E21)) -> 0 | L21: =IFERROR(K21/J21,) -> 0
A22: 狗狗通常在什么时间点进食？ | B22: 回答 | C22: 46191 | D22: 103 | E22: 7 | F22: 378 | G22: 218 | H22: =E22/D22 -> 0.067961165 | I22: =G22/F22 -> 0.57671958 | J22: =F22-IFERROR(VLOOKUP($A22,'0701'!$A$1:'0701'!G$79,6,FALSE),IFERROR(VLOOKUP($C22,'0701'!$C$1:'0701'!G$79,4,FALSE),F22-D22)) -> 11 | K22: =G22-IFERROR(VLOOKUP($A22,'0701'!$A$1:'0701'!H$79,7,FALSE),IFERROR(VLOOKUP($C22,'0701'!$C$1:'0701'!H$79,5,FALSE),G22-E22)) -> 0 | L22: =IFERROR(K22/J22,) -> 0
A23: 老父亲说表姐家同时供养三个大学生背负沉重经济负担根本不值得，请大家说说到底是不是呢？？ | B23: 回答 | C23: 46190 | D23: 35 | E23: 1 | F23: 694 | G23: 6 | H23: =E23/D23 -> 0.028571429 | I23: =G23/F23 -> 0.0086455331 | J23: =F23-IFERROR(VLOOKUP($A23,'0701'!$A$1:'0701'!G$79,6,FALSE),IFERROR(VLOOKUP($C23,'0701'!$C$1:'0701'!G$79,4,FALSE),F23-D23)) -> 3 | K23: =G23-IFERROR(VLOOKUP($A23,'0701'!$A$1:'0701'!H$79,7,FALSE),IFERROR(VLOOKUP($C23,'0701'!$C$1:'0701'!H$79,5,FALSE),G23-E23)) -> 0 | L23: =IFERROR(K23/J23,) -> 0
A24: 可以分享一下你眼中夏天的天空吗？ | B24: 回答 | C24: 46189 | D24: 17 | E24: 95 | F24: 147 | G24: 941 | H24: =E24/D24 -> 5.5882353 | I24: =G24/F24 -> 6.4013605 | J24: =F24-IFERROR(VLOOKUP($A24,'0701'!$A$1:'0701'!G$79,6,FALSE),IFERROR(VLOOKUP($C24,'0701'!$C$1:'0701'!G$79,4,FALSE),F24-D24)) -> 3 | K24: =G24-IFERROR(VLOOKUP($A24,'0701'!$A$1:'0701'!H$79,7,FALSE),IFERROR(VLOOKUP($C24,'0701'!$C$1:'0701'!H$79,5,FALSE),G24-E24)) -> 19 | L24: =IFERROR(K24/J24,) -> 6.3333333 | M24: 0623顶105,35,6,9,2 | N24: 0626撤133,51,15,12,3 | O24: 0701荐144,52,15,13,3
A25: 古代没有大棚蔬菜，古人一年四季到底吃什么青菜？ | B25: 回答 | C25: 46187 | D25: 277 | E25: 107 | F25: 11066 | G25: 809 | H25: =E25/D25 -> 0.38628159 | I25: =G25/F25 -> 0.073106814 | J25: =F25-IFERROR(VLOOKUP($A25,'0701'!$A$1:'0701'!G$79,6,FALSE),IFERROR(VLOOKUP($C25,'0701'!$C$1:'0701'!G$79,4,FALSE),F25-D25)) -> 63 | K25: =G25-IFERROR(VLOOKUP($A25,'0701'!$A$1:'0701'!H$79,7,FALSE),IFERROR(VLOOKUP($C25,'0701'!$C$1:'0701'!H$79,5,FALSE),G25-E25)) -> 25 | L25: =IFERROR(K25/J25,) -> 0.3968254
A26: 鸡蛋里面该不该添加角黄素？ | B26: 回答 | C26: 46182 | D26: 3 | E26: 22 | F26: 122 | G26: 284 | H26: =E26/D26 -> 7.3333333 | I26: =G26/F26 -> 2.3278689 | J26: =F26-IFERROR(VLOOKUP($A26,'0701'!$A$1:'0701'!G$79,6,FALSE),IFERROR(VLOOKUP($C26,'0701'!$C$1:'0701'!G$79,4,FALSE),F26-D26)) -> 1 | K26: =G26-IFERROR(VLOOKUP($A26,'0701'!$A$1:'0701'!H$79,7,FALSE),IFERROR(VLOOKUP($C26,'0701'!$C$1:'0701'!H$79,5,FALSE),G26-E26)) -> 7 | L26: =IFERROR(K26/J26,) -> 7
A27: 夏季夜空中最亮的星是什么星？ | B27: 回答 | C27: 46177 | D27: 23 | E27: 38 | F27: 340 | G27: 665 | H27: =E27/D27 -> 1.6521739 | I27: =G27/F27 -> 1.9558824 | J27: =F27-IFERROR(VLOOKUP($A27,'0701'!$A$1:'0701'!G$79,6,FALSE),IFERROR(VLOOKUP($C27,'0701'!$C$1:'0701'!G$79,4,FALSE),F27-D27)) -> 0 | K27: =G27-IFERROR(VLOOKUP($A27,'0701'!$A$1:'0701'!H$79,7,FALSE),IFERROR(VLOOKUP($C27,'0701'!$C$1:'0701'!H$79,5,FALSE),G27-E27)) -> 0 | L27: =IFERROR(K27/J27,) -> 0
A28: 月亮的上弦月和下弦月是如何区分的？ | B28: 回答 | C28: 46173 | D28: 17 | E28: 19 | F28: 373 | G28: 481 | H28: =E28/D28 -> 1.1176471 | I28: =G28/F28 -> 1.2895442 | J28: =F28-IFERROR(VLOOKUP($A28,'0701'!$A$1:'0701'!G$79,6,FALSE),IFERROR(VLOOKUP($C28,'0701'!$C$1:'0701'!G$79,4,FALSE),F28-D28)) -> 0 | K28: =G28-IFERROR(VLOOKUP($A28,'0701'!$A$1:'0701'!H$79,7,FALSE),IFERROR(VLOOKUP($C28,'0701'!$C$1:'0701'!H$79,5,FALSE),G28-E28)) -> 0 | L28: =IFERROR(K28/J28,) -> 0
A29: 如何养护香椿树芽，使其顺利长成大树？ | B29: 回答 | C29: 46172 | D29: 3 | E29: 7 | F29: 184 | G29: 144 | H29: =E29/D29 -> 2.3333333 | I29: =G29/F29 -> 0.7826087 | J29: =F29-IFERROR(VLOOKUP($A29,'0701'!$A$1:'0701'!G$79,6,FALSE),IFERROR(VLOOKUP($C29,'0701'!$C$1:'0701'!G$79,4,FALSE),F29-D29)) -> 0 | K29: =G29-IFERROR(VLOOKUP($A29,'0701'!$A$1:'0701'!H$79,7,FALSE),IFERROR(VLOOKUP($C29,'0701'!$C$1:'0701'!H$79,5,FALSE),G29-E29)) -> 0 | L29: =IFERROR(K29/J29,) -> 0
A30: 幼犬不吃狗粮了怎么办？ | B30: 回答 | C30: 46168 | D30: 3 | E30: 24 | F30: 127 | G30: 191 | H30: =E30/D30 -> 8 | I30: =G30/F30 -> 1.503937 | J30: =F30-IFERROR(VLOOKUP($A30,'0701'!$A$1:'0701'!G$79,6,FALSE),IFERROR(VLOOKUP($C30,'0701'!$C$1:'0701'!G$79,4,FALSE),F30-D30)) -> 0 | K30: =G30-IFERROR(VLOOKUP($A30,'0701'!$A$1:'0701'!H$79,7,FALSE),IFERROR(VLOOKUP($C30,'0701'!$C$1:'0701'!H$79,5,FALSE),G30-E30)) -> 0 | L30: =IFERROR(K30/J30,) -> 0
A31: 你有没有在阳台种过无花果，收获果实了吗？ | B31: 回答 | C31: 46164 | D31: 36 | E31: 12 | F31: 586 | G31: 240 | H31: =E31/D31 -> 0.33333333 | I31: =G31/F31 -> 0.40955631 | J31: =F31-IFERROR(VLOOKUP($A31,'0701'!$A$1:'0701'!G$79,6,FALSE),IFERROR(VLOOKUP($C31,'0701'!$C$1:'0701'!G$79,4,FALSE),F31-D31)) -> 5 | K31: =G31-IFERROR(VLOOKUP($A31,'0701'!$A$1:'0701'!H$79,7,FALSE),IFERROR(VLOOKUP($C31,'0701'!$C$1:'0701'!H$79,5,FALSE),G31-E31)) -> 0 | L31: =IFERROR(K31/J31,) -> 0
A32: 在古代，世界各地都以365天为一个周期年吗？ | B32: 回答 | C32: 46153 | D32: 2 | E32: 5 | F32: 130 | G32: 98 | H32: =E32/D32 -> 2.5 | I32: =G32/F32 -> 0.75384615 | J32: =F32-IFERROR(VLOOKUP($A32,'0701'!$A$1:'0701'!G$79,6,FALSE),IFERROR(VLOOKUP($C32,'0701'!$C$1:'0701'!G$79,4,FALSE),F32-D32)) -> 2 | K32: =G32-IFERROR(VLOOKUP($A32,'0701'!$A$1:'0701'!H$79,7,FALSE),IFERROR(VLOOKUP($C32,'0701'!$C$1:'0701'!H$79,5,FALSE),G32-E32)) -> 5 | L32: =IFERROR(K32/J32,) -> 2.5
A33: 在光合作用中，为什么植物以 CO₂ 为原料，而不是其他气体？ | B33: 回答 | C33: 46142 | D33: 10 | E33: 30 | F33: 3160 | G33: 1782 | H33: =E33/D33 -> 3 | I33: =G33/F33 -> 0.56392405 | J33: =F33-IFERROR(VLOOKUP($A33,'0701'!$A$1:'0701'!G$79,6,FALSE),IFERROR(VLOOKUP($C33,'0701'!$C$1:'0701'!G$79,4,FALSE),F33-D33)) -> 2 | K33: =G33-IFERROR(VLOOKUP($A33,'0701'!$A$1:'0701'!H$79,7,FALSE),IFERROR(VLOOKUP($C33,'0701'!$C$1:'0701'!H$79,5,FALSE),G33-E33)) -> 0 | L33: =IFERROR(K33/J33,) -> 0
A34: 养狗狗的朋友们，狗狗不爱吃饭怎么办？ | B34: 回答 | C34: 46129 | D34: 12 | E34: 12 | F34: 400 | G34: 129 | H34: =E34/D34 -> 1 | I34: =G34/F34 -> 0.3225 | J34: =F34-IFERROR(VLOOKUP($A34,'0701'!$A$1:'0701'!G$79,6,FALSE),IFERROR(VLOOKUP($C34,'0701'!$C$1:'0701'!G$79,4,FALSE),F34-D34)) -> 2 | K34: =G34-IFERROR(VLOOKUP($A34,'0701'!$A$1:'0701'!H$79,7,FALSE),IFERROR(VLOOKUP($C34,'0701'!$C$1:'0701'!H$79,5,FALSE),G34-E34)) -> 0 | L34: =IFERROR(K34/J34,) -> 0
A35: 如果月亮真的在远离地球，那么没有月亮的地球会不会没有黑夜？ | B35: 回答 | C35: 46063 | D35: 1 | E35: 9 | F35: 248 | G35: 523 | H35: =E35/D35 -> 9 | I35: =G35/F35 -> 2.108871 | J35: =F35-IFERROR(VLOOKUP($A35,'0701'!$A$1:'0701'!G$79,6,FALSE),IFERROR(VLOOKUP($C35,'0701'!$C$1:'0701'!G$79,4,FALSE),F35-D35)) -> 1 | K35: =G35-IFERROR(VLOOKUP($A35,'0701'!$A$1:'0701'!H$79,7,FALSE),IFERROR(VLOOKUP($C35,'0701'!$C$1:'0701'!H$79,5,FALSE),G35-E35)) -> 0 | L35: =IFERROR(K35/J35,) -> 0
A36: 黑洞中心是一个没有体积的点吗？如果是的话那原本的物质去哪里了？ | B36: 回答 | C36: 46031 | D36: 408 | E36: 65 | F36: 3027 | G36: 1465 | H36: =E36/D36 -> 0.15931373 | I36: =G36/F36 -> 0.48397754 | J36: =F36-IFERROR(VLOOKUP($A36,'0701'!$A$1:'0701'!G$79,6,FALSE),IFERROR(VLOOKUP($C36,'0701'!$C$1:'0701'!G$79,4,FALSE),F36-D36)) -> 8 | K36: =G36-IFERROR(VLOOKUP($A36,'0701'!$A$1:'0701'!H$79,7,FALSE),IFERROR(VLOOKUP($C36,'0701'!$C$1:'0701'!H$79,5,FALSE),G36-E36)) -> 0 | L36: =IFERROR(K36/J36,) -> 0
... A47: 大家在家里都是怎么调芝麻酱的? | B47: 回答 | C47: 45847 | D47: 12 | E47: 2 | F47: 446 | G47: 248 | H47: =E47/D47 -> 0.16666667 | I47: =G47/F47 -> 0.55605381 | J47: =F47-IFERROR(VLOOKUP($A47,'0701'!$A$1:'0701'!G$79,6,FALSE),IFERROR(VLOOKUP($C47,'0701'!$C$1:'0701'!G$79,4,FALSE),F47-D47)) -> 0 | K47: =G47-IFERROR(VLOOKUP($A47,'0701'!$A$1:'0701'!H$79,7,FALSE),IFERROR(VLOOKUP($C47,'0701'!$C$1:'0701'!H$79,5,FALSE),G47-E47)) -> 0 | L47: =IFERROR(K47/J47,) -> 0
K48: =SUM(K2:K47) -> 970
